Temperature,Humidity,Soil_Moisture,Soil_Type,Crop_Type,Nitrogen,Phosphorus,Potassium,Fertilizer
27.51066014107722,35.248932573215455,34.661448497594215,Red,Maize,44.53522532824635,50.987397262843594,44.577452627472525,Urea 46-0-0
36.60973480326474,43.63858417708133,60.04223036513187,Sandy,Groundnut,107.30890025187216,51.157988966473255,75.09025596645667,10-26-26
15.003431244520346,48.86259696684303,53.82684744136701,Black,Rice,40.24973428576627,99.71387993669208,9.834637894842025,Urea 46-0-0
24.06997717895519,40.4859525813787,54.318444295029984,Sandy,Maize,134.01154793241508,12.95958172701398,36.052630499646085,DAP
19.40267672451339,66.42564971834763,41.126556285196656,Loamy,Paddy,98.32420567127305,75.61698883877354,56.370625528645576,14-35-14
17.770157843063934,54.81518490006968,29.484402611091742,Black,Groundnut,87.50218304706496,79.37567472248925,23.858559594258377,MOP
20.58780634133013,78.98109070963284,21.86637858094245,Red,Paddy,130.30286264102068,58.48825987705206,83.99537717220329,14-35-14
25.36682181129143,41.10782389614184,34.482295998661,Sandy,Rice,37.66593421526859,46.273818026932524,76.58509922899394,Urea 46-0-0
26.9030242269201,72.11259178537863,21.67006990222975,Black,Sugarcane,129.3062044877065,89.34266373502794,96.55425795923387,14-35-14
31.16450202010071,44.42133749094833,51.22349351182549,Sandy,Sugarcane,94.93161077735755,82.81802190731247,52.29880750137287,10-26-26
27.57583543209884,64.45314533045158,50.165751437127575,Sandy,Cotton,107.99075100820467,5.029093602870372,10.652465799059307,DAP
35.55658501190278,50.93925583324733,39.371230223523874,Sandy,Cotton,80.02894710089319,96.2983753087854,93.6617023061487,10-26-26
21.133567491945524,33.41786396896996,54.550503994617785,Clayey,Rice,116.74665484989265,0.7339891753643801,83.42359894963491,DAP
41.34352309172836,43.72882025762255,44.12038226328036,Black,Sugarcane,97.75945190086077,57.313220468394185,54.441816100323756,14-35-14
15.821627795937784,69.8461533212876,21.793696698595365,Clayey,Maize,20.52521824876726,57.243081692707264,83.63022773854041,Urea 46-0-0
35.114025305352065,59.83500560163188,26.065690308230558,Sandy,Cotton,85.74455800793048,83.43796647905168,88.16909193539423,10-26-26
27.51914407101381,61.140959044420725,28.703737955671325,Sandy,Cotton,39.10484698628646,38.47160679253756,77.60811373668976,Urea 46-0-0
31.76069485337255,40.48320900653535,35.10487105240924,Black,Sugarcane,128.22302122942202,9.10408690459822,57.12539770424174,DAP
19.211608157857015,64.24295109277539,22.354082589686453,Loamy,Groundnut,27.752520629421525,58.168726936892476,61.529872146608234,Urea 46-0-0
20.943044672546364,89.80520551249259,47.23025512251648,Sandy,Paddy,40.000309351982395,2.4845860363731265,84.43906826433587,Urea 46-0-0
39.022337060266096,79.01010652749731,43.04274623857634,Loamy,Paddy,6.671658695755052,36.17957609071614,62.221663631393376,Urea 46-0-0
44.04784727158193,65.66235742985867,47.78574554077203,Red,Millet,62.66108016708934,98.5316802085323,20.64799591876316,MOP
24.402725344777284,88.55934409985429,39.45600176439548,Sandy,Maize,78.06229412395565,86.877886955502,69.14884235539698,10-26-26
35.76967847007943,84.09375508015927,58.1465210706847,Clayey,Rice,80.29855156079334,15.249674176120543,53.201375007738164,DAP
41.29167456888115,65.73647601615873,40.43265752266181,Sandy,Cotton,126.75283319435422,79.88260890560822,26.32470589001895,MOP
41.83819990511542,31.945579518867426,20.69315839063644,Red,Cotton,48.63795059208471,81.09969194215267,0.07865415296364198,Urea 46-0-0
17.551326341093336,35.61462574904884,59.28806668011948,Black,Paddy,62.65397314277573,92.8207219127176,23.54977612999136,MOP
16.17164349698647,33.92230290253358,49.52906964848445,Sandy,Wheat,119.17327275020965,22.438426604398455,67.3566697976032,DAP
20.094912586937067,57.10398892148852,57.03513682918119,Black,Rice,80.75610245248347,49.896747449996006,87.83201996809447,14-35-14
41.34427510288239,52.52608999007147,62.829906186523324,Sandy,Cotton,91.55901088288272,82.74440914110758,83.07025692405678,10-26-26
17.950405014991503,88.52100205621718,22.291057258259926,Sandy,Wheat,38.97030625520424,66.73337849981975,10.81073855885104,Urea 46-0-0
27.633228750151567,40.07899759197689,30.578233884095653,Sandy,Sugarcane,68.24598222761887,59.393614338376956,7.1124979522838245,MOP
43.736685904515056,88.36725551595931,22.85045495553529,Black,Barley,86.93333426126611,65.19758207707419,76.15923118790052,14-35-14
30.994958549190514,76.04849213178079,38.974604871460286,Loamy,Sugarcane,18.6751642203336,23.851601279901303,28.483337211830673,Urea 46-0-0
35.756313418514196,79.45427037746987,58.87231154756534,Clayey,Sugarcane,4.607220322954825,2.5540084875790736,27.18030524966213,Urea 46-0-0
24.46546893018189,67.95694900667984,23.673079222178064,Loamy,Maize,15.877540158315659,73.62572574465341,0.20003006084317043,Urea 46-0-0
35.595027830447506,70.12396621240393,41.29003787986453,Loamy,Wheat,66.84455068755143,32.67918253308776,9.853901064055304,DAP
40.03877015692119,58.612940011271604,25.649439941392565,Clayey,Wheat,3.3637428483131915,37.67568869201464,13.559704739235311,Urea 46-0-0
15.548648320325754,30.788181415384337,54.7798520975203,Sandy,Paddy,87.66925007921104,61.26160541495541,15.936020622919656,MOP
37.504329448349026,51.180365132509486,57.86399705581295,Clayey,Cotton,13.661566516651826,65.7165042363517,44.53136026153652,Urea 46-0-0
44.66583266719484,59.524308089613506,21.948092218377138,Loamy,Sugarcane,35.1346152802744,20.289890062284243,81.41358147238202,Urea 46-0-0
37.44496963139518,73.80547266540626,41.889833442667765,Sandy,Maize,59.70901241987058,82.60315378454189,81.22981153684475,10-26-26
23.413319761932158,58.11770056476655,30.773496986199017,Sandy,Rice,16.215744538874866,38.02066052454794,90.99896216824482,Urea 46-0-0
38.678379853544655,57.4442949653659,62.861320176196664,Sandy,Millet,37.877279131645295,63.17444085013915,44.35920386203337,Urea 46-0-0
18.09678019732926,38.25976445673619,62.475168250270826,Clayey,Wheat,2.951154196971577,96.64114156523105,70.87105079450133,Urea 46-0-0
28.436805785277155,30.65332402820874,47.62703010731154,Loamy,Sugarcane,137.9063775054657,56.47862352666362,48.83341181204487,14-35-14
42.25786509279287,75.49669562861978,63.806932879633834,Red,Cotton,85.62030513699749,35.89111417888569,4.984255813452099,DAP
23.808424451210385,49.1971702846607,35.518760467231296,Sandy,Barley,52.96953743693487,61.89701087401423,8.043143396954711,MOP
23.633260157590463,89.06300701161064,60.40328229504568,Loamy,Sugarcane,3.7139691554628818,50.17931180631695,24.594233521613905,Urea 46-0-0
18.90085716354833,43.214053569549364,39.556773803382924,Clayey,Cotton,54.57742477249779,45.23762477778516,98.16217286230167,14-35-14
15.581008736108913,50.32248152890078,30.611658671638118,Sandy,Cotton,63.3582076941008,73.22707347562685,69.19172292767848,10-26-26
35.36506598819673,61.4337681399679,62.337258344062974,Black,Barley,130.3404471270304,92.45101499841026,26.800758185732043,MOP
21.348843480001772,75.29348742363197,50.78981229424524,Red,Rice,38.99058405732793,47.92714152835895,70.62632445513162,Urea 46-0-0
22.966399781166785,57.831467034017734,22.921021340260822,Clayey,Barley,86.06946475166187,8.82301510000958,66.13461343815696,DAP
29.747194778410147,37.489352586700576,59.169118557037976,Sandy,Sugarcane,93.12356964150707,56.96535566840739,4.329016087390746,MOP
16.60087635351241,48.75008270952297,51.56211325850058,Black,Sugarcane,26.034535771487448,24.49508551148344,36.14875846417379,Urea 46-0-0
32.223528164760395,60.27115018205968,47.22170928384268,Black,Barley,70.80686885810046,3.9577911475369154,77.37279834022938,DAP
19.401857247174306,70.43094048101206,52.956870463069876,Sandy,Paddy,110.11010680039088,78.81402066436831,7.852291483410356,MOP
32.679166107098524,76.20899737872553,31.404756912490136,Clayey,Groundnut,13.521064819977894,27.276823666478812,88.43841167758715,Urea 46-0-0
35.99275080062793,37.82014685726126,47.0220029873545,Red,Wheat,84.8449417436547,77.70704929423839,93.08682962545582,14-35-14
18.070032864834776,31.374907879342906,56.65786315677449,Sandy,Groundnut,3.6483905763750535,48.820894308820485,85.30855123898898,Urea 46-0-0
27.42167963458705,61.14493933271937,22.435114714579996,Clayey,Barley,0.986541333410591,31.793589107511533,11.7377604100948,Urea 46-0-0
35.832004731832356,78.59932263974497,25.872980210266967,Red,Groundnut,8.33400499960999,31.402545005089678,56.517348170191184,Urea 46-0-0
27.42537808580708,30.75622602179258,57.91006144803861,Sandy,Sugarcane,67.39606428086509,4.202476008611445,70.75599478322232,DAP
16.498603768382615,70.34819067922405,47.825564119754844,Loamy,Rice,129.59857521663233,53.43998369045507,88.79800899401758,14-35-14
31.076892177465346,71.20849359941951,43.90795147164761,Sandy,Barley,56.778033779463385,82.35515559967604,9.577602929981289,MOP
34.91383935659367,56.954805215198256,31.173082804869438,Loamy,Cotton,10.504569507115713,8.389535249937797,81.57705845493284,Urea 46-0-0
30.446673361749255,84.88732120451606,33.27853588622732,Loamy,Paddy,120.58934642762402,10.855870560871761,27.801633166878204,DAP
43.3378426797244,68.66166508541957,59.270877421375786,Clayey,Sugarcane,72.70166196586163,52.925592686771694,59.228738576591375,14-35-14
32.59665121505979,30.31439025908795,38.97496706823692,Black,Barley,44.651021648439375,66.01418096235967,71.97957093739197,Urea 46-0-0
42.10205745863651,59.06570673086253,22.899361501082307,Black,Wheat,134.82452742985458,69.47459923366617,77.70191493604176,14-35-14
19.124241124387126,81.559068365856,60.36432812784121,Sandy,Paddy,131.35664759033295,31.322169514688603,29.466484899886947,DAP
19.178290417522756,79.82397420224036,29.1521374770823,Black,Sugarcane,36.402656073936924,3.7777775806146496,60.73765389488749,Urea 46-0-0
39.22173866128571,68.94925182674868,57.18023909715761,Loamy,Wheat,28.194859519920836,41.45628796923949,28.747287420233047,Urea 46-0-0
26.930305109566007,70.4219054339179,59.67967803872633,Red,Wheat,82.44721846285081,22.604417087529416,99.83167502844697,DAP
19.960625913507982,64.70997478735202,41.903783516825214,Loamy,Wheat,117.95254937781824,0.11148302524066622,81.45056079423507,DAP
42.82525741188102,46.44718651001113,46.93091118970864,Clayey,Millet,47.14095256430768,68.57165722257366,41.397791626936744,Urea 46-0-0
25.4329757923652,63.631799432163525,43.72703554184376,Loamy,Maize,82.10011900499663,95.20625390545332,87.91421856642359,14-35-14
37.52436309408466,70.30378708904522,48.11695823834746,Red,Maize,22.71429992703309,39.11517605350282,73.25011151084537,Urea 46-0-0
36.77993956051354,51.145777812984534,58.47687746063082,Black,Barley,27.243122933339855,30.029842937146313,92.8746930727756,Urea 46-0-0
41.49918273617429,81.34970203523567,32.69627517821873,Black,Barley,106.58693023889339,55.375181261029525,17.16106942469242,MOP
33.710166211668266,41.70224916052244,59.76899786812704,Red,Maize,21.013784589286995,85.19762580648815,29.483500492087412,Urea 46-0-0
37.528273020820116,74.8392486199154,45.54606485536172,Loamy,Sugarcane,37.226985746695846,79.49674246929233,9.37366760746422,Urea 46-0-0
25.466950259335277,47.37616477121264,25.17963684351065,Loamy,Millet,96.52928084487371,68.47567049785765,31.798103167871272,MOP
23.097836752950784,76.42795723465092,30.215052434659608,Black,Wheat,2.1125030686170754,43.210709129970645,38.118861374653804,Urea 46-0-0
41.876586545882006,55.66423976016458,46.81920735258562,Red,Maize,4.507216541599874,69.04340198543137,63.27125396187535,Urea 46-0-0
27.842735696138845,78.46190454673257,30.775080660710614,Black,Paddy,40.25363160336401,21.602535125160706,47.151993834858274,Urea 46-0-0
43.94520141445157,51.212091760079424,25.913704724185727,Black,Maize,47.127245271721875,28.394343784624677,71.7668980777047,Urea 46-0-0
34.90324493455344,42.82159425777487,27.28314713557258,Red,Cotton,50.71025477420156,77.78206109003844,26.922353350171445,MOP
33.650871606273654,76.03707050530599,58.01926332060826,Black,Wheat,113.00668057189274,92.99801363463565,17.305671918218447,MOP
18.442379188601254,48.51851685783907,47.09826442517198,Clayey,Sugarcane,5.037335472209865,19.004950361668982,37.912260277536525,Urea 46-0-0
43.48467776121214,73.99470406358566,63.36051892347539,Clayey,Barley,50.17533424754552,29.606328941823257,43.808143742785454,DAP
28.497364004398214,74.66838918466392,35.55556459832115,Red,Rice,89.3589386573554,0.6210267190516094,42.212656781583355,DAP
32.35168843161395,43.283802054492064,46.803129416072736,Sandy,Barley,20.020575332565173,43.15622452804016,91.35696866615251,Urea 46-0-0
27.244104082838433,42.846728209238904,46.95433800380388,Black,Barley,120.08340603160168,21.029507175260097,26.95670183469543,DAP
22.11080940729083,41.936875405624,47.706692924177695,Red,Sugarcane,90.37901715828059,64.14247825536215,35.20434026951569,MOP
42.10138561686762,38.55110026595068,22.662974323357506,Clayey,Cotton,16.14107956720379,70.95892156781083,21.5209660163327,Urea 46-0-0
32.210384600168574,52.62495595244005,53.76427330586086,Loamy,Wheat,29.13363739985261,11.877771439848505,37.19230114042729,Urea 46-0-0
15.086109810934769,31.597673081497287,62.669427418443135,Black,Sugarcane,104.36976630474305,8.214400203193161,38.9855390831109,DAP
33.51434740862172,36.65522214205444,44.060557573081496,Black,Paddy,56.476927966784196,90.63350695803358,57.542705711187445,14-35-14
24.799347053162883,70.47384142580464,28.665020942978078,Sandy,Wheat,67.82580853279094,38.92387547409639,27.836497862244304,DAP
30.81174306772828,77.98659221384318,53.8816661740974,Clayey,Maize,124.24371093018185,53.34034972660143,25.94923085078481,MOP
41.578262979323235,34.831771627703155,20.32935361975387,Loamy,Cotton,19.242096947392323,96.32415649136705,71.90613950565239,Urea 46-0-0
25.71809280007499,43.90213862914752,34.77152466428514,Black,Sugarcane,135.01219163405645,75.90540122163353,91.01787075725444,14-35-14
42.256054527593975,42.457539708228865,61.292285643997694,Clayey,Rice,5.968155451521184,32.55402975989895,12.209681956344154,Urea 46-0-0
33.70080347375408,85.04001378489784,46.476529980224456,Loamy,Sugarcane,13.921636015683873,8.584930112029355,18.228897074998486,Urea 46-0-0
15.474637285396689,72.6788710881892,58.48356277568609,Black,Barley,31.25338033166209,53.602401668841104,13.310964487590315,Urea 46-0-0
42.88311701231284,63.23307666308486,47.21024235571345,Loamy,Barley,112.92191151647197,33.612544293733116,68.36076828044972,DAP
35.72690752550772,48.27107927523721,57.016016863574194,Clayey,Sugarcane,63.822193031730336,2.1685404526101903,21.40097727076603,DAP
44.919685513544415,80.0912428579079,59.57675855431926,Black,Paddy,91.45515991658472,77.11523332537787,60.45716033063737,14-35-14
20.170215250359856,56.1183574577712,34.44438685360039,Clayey,Paddy,24.404959252777214,38.49091298539828,20.167873480298304,Urea 46-0-0
19.114072488866334,85.4073729071265,25.53296471984803,Sandy,Barley,23.341070609713956,57.13211500587355,81.77571936931245,Urea 46-0-0
42.97786389111491,72.363108260156,52.45865048839569,Loamy,Cotton,72.91876767753048,75.57428557962304,31.610713225819808,MOP
35.904544844697,58.681878477917,39.81561890740572,Clayey,Rice,103.64110893923103,94.08474199010458,66.96167646858761,14-35-14
16.980005181661873,37.57260622496152,25.703106911390385,Clayey,Maize,64.74642513010399,61.23223386846226,14.87335628025609,MOP
37.66389157807399,88.56261302806486,46.54206416494502,Red,Barley,121.7459719169558,31.539617878014315,30.594544708616045,DAP
37.616285653837394,39.5900190206456,21.623074155643696,Red,Rice,92.45767085388964,11.007650784701795,29.72414453016764,DAP
42.6907360663945,42.156127513179754,29.008195238494412,Loamy,Groundnut,34.87261238327059,7.391888791127221,63.50799325450489,Urea 46-0-0
36.34574275885416,55.87090530962226,55.4735535350586,Sandy,Maize,32.88631091229468,31.969077387272947,68.08805271233366,Urea 46-0-0
18.72812885916494,54.25211434650883,20.544354200691103,Red,Rice,52.36654036138974,66.0839138956005,84.52486465038237,14-35-14
15.596404015193867,38.80508884585765,33.65055522688561,Sandy,Maize,105.9262478814704,69.51520647276904,18.33469067689233,MOP
15.786329606331579,73.7591351616674,20.961918248963183,Red,Rice,131.3112730033695,20.771804006298765,76.04297643064385,DAP
15.849194640623839,41.32470401263116,64.88682467277482,Sandy,Groundnut,120.66683990463662,8.279593858834744,71.19394022793595,DAP
22.386332028091378,68.63373865869977,46.19134893545578,Clayey,Barley,36.625510975609046,30.55106612860311,55.75439140774725,Urea 46-0-0
40.800838460486645,75.25835703457793,33.20193253187255,Sandy,Paddy,57.71904991699977,54.75745598545727,65.01629863156845,10-26-26
31.164931930249587,42.643943524999244,61.802725785190205,Clayey,Sugarcane,85.61617392304501,75.46696744748647,8.99951030326972,MOP
31.584659360572978,66.0572548864584,42.820374059669206,Clayey,Rice,76.55682381421317,52.96573205700425,14.687581572257136,MOP
40.260926770788174,74.93570251475019,40.46115023985831,Red,Groundnut,54.498492357255195,28.698375274707455,41.55717207166359,DAP
18.725199453597334,68.29312263722001,46.45421778332839,Black,Paddy,14.19890876337874,62.417972326391094,71.13706883010249,Urea 46-0-0
23.375510370334183,65.82763817679894,31.886193989475633,Sandy,Paddy,99.71427261561578,26.48366551761958,16.782116362359435,DAP
32.572778143748636,47.72893713932982,33.7379734706345,Loamy,Cotton,12.33892294956074,65.26929143345231,38.89791392243084,Urea 46-0-0
44.087872449590236,73.89638827449053,36.724455952588215,Clayey,Millet,121.25084011232074,84.18980078267379,49.794595388742614,14-35-14
31.8309065776713,86.71850639999698,31.00015997172249,Sandy,Barley,120.88278164656884,63.89478203684317,93.50457269132086,10-26-26
15.55941868118829,55.53368341569282,46.30462697524834,Sandy,Maize,99.18311081215218,56.56314689767339,5.519624865450556,MOP
39.01898018041849,76.93090900988432,51.31307602695469,Sandy,Maize,68.09944033307606,30.71421092708613,82.90074909485965,DAP
21.98922821523061,33.36846237971492,23.237624907380052,Red,Paddy,97.88051915780831,87.67770399379611,98.41598458987846,14-35-14
39.213155868563376,80.11629614939795,63.69874938314587,Clayey,Maize,55.298188414247115,98.88218847172996,26.727261351988886,MOP
26.635819321925155,41.535001009328866,53.88817951412547,Red,Millet,111.64943780106881,77.7479431209941,89.00573037740914,14-35-14
40.90625563678286,53.705812133398396,56.27734233290337,Loamy,Maize,110.09839151917869,57.364385757041916,29.030013877540917,MOP
37.41364928211554,48.00486275552139,53.82381818365808,Black,Barley,21.774001742307036,14.127933264100168,79.90074981966318,Urea 46-0-0
31.687207019712567,34.806218628362956,23.602743977204778,Sandy,Maize,44.49445704908369,31.492902239260356,45.98573679992363,Urea 46-0-0
19.09365676982055,84.27786017617457,41.67633273595297,Clayey,Wheat,48.15764475003865,36.68593185911837,59.760864887687006,Urea 46-0-0
16.79753068536635,52.209250653224295,40.05528303807452,Loamy,Barley,50.98384181149361,29.18952210274658,23.66673767651024,DAP
18.64030367222212,61.841846308568364,50.26126927362185,Black,Sugarcane,79.33037793630582,44.59528147489278,68.7614962160815,14-35-14
16.33655635634285,59.6469759537795,40.19317664709449,Red,Rice,5.836241952840289,61.06325168676457,14.86848661132304,Urea 46-0-0
18.224823873182785,37.929668516576285,51.694102927275935,Red,Paddy,92.39576065494587,21.29145905151636,55.96864990017729,DAP
21.77128015823564,42.38724353336598,50.67404019211803,Loamy,Barley,28.228446267928806,24.97597542867038,49.432893054401305,Urea 46-0-0
36.3896694114803,34.571328541939266,51.37168379387403,Clayey,Cotton,58.304757864235135,11.215048322109677,83.72059959494197,DAP
31.791509461624273,60.47530199671725,47.83703341526914,Black,Millet,63.124971910098,30.758858917480246,48.1468515373733,DAP
15.376679404773476,45.69297310997923,26.79413299758406,Red,Rice,48.82174773667043,49.744827858464326,78.47309599867293,Urea 46-0-0
17.159228390684603,51.42369653296751,54.236110533759025,Red,Sugarcane,53.65924341792176,48.980778471008826,40.02943067357757,14-35-14
44.018289900008156,36.48391972183421,55.14706199872806,Sandy,Paddy,25.24284851868631,99.55772118463962,30.79059334309052,Urea 46-0-0
32.04301385759827,77.25311037915043,60.68463436612122,Loamy,Paddy,9.538208035170417,98.11085630636269,78.7227136377607,Urea 46-0-0
21.098797039829712,36.39503260732806,30.519591167184767,Sandy,Rice,77.17593085101922,43.65627716811432,41.84642639114249,10-26-26
22.569772337109704,89.14252942279127,27.950550188255363,Red,Paddy,83.42137238633116,97.20206217903173,49.6766061213335,14-35-14
37.31477562225279,40.629669866305036,37.59946053980431,Red,Millet,20.369970491039233,21.439790417581406,57.732253132432895,Urea 46-0-0
20.862884433279564,64.34430674607896,34.425409429782206,Sandy,Millet,32.33183916509738,54.112088610895334,81.96657378893285,Urea 46-0-0
32.440767818197735,32.69072007534529,56.69646180525318,Clayey,Barley,40.09279841523354,45.34353144697316,58.13199746267193,Urea 46-0-0
44.100599672649366,77.22697737935005,47.60866548507943,Red,Wheat,116.30519136661961,96.76088975125462,40.614290268080985,14-35-14
40.40486404470106,41.37635686909779,54.2000788557387,Clayey,Cotton,21.478931762737727,83.61762231353585,16.058682850924278,Urea 46-0-0
22.195432774427584,61.6742387044876,39.24492948636339,Sandy,Maize,77.2994330574874,21.414692478074127,70.21113049141088,DAP
29.8130914280619,74.4046525895443,24.474825331201515,Clayey,Maize,79.53956047690694,43.95391021553912,88.32328216518347,14-35-14
33.59867155144139,38.99588909503535,25.17657554226108,Black,Barley,48.07881303521412,16.847697164644714,10.837888790415217,Urea 46-0-0
39.86942698650536,63.065230451218305,36.80332092817379,Clayey,Barley,49.08640650297351,52.90872104552504,46.62139758130815,Urea 46-0-0
19.703741839382527,42.997032499726764,28.723149537927824,Loamy,Barley,134.27568245268833,79.34846741670334,93.4535505179035,14-35-14
15.557286065322286,75.55176295902868,56.93359243803222,Red,Millet,77.4681529243329,3.587914896601674,56.350916747517076,DAP
17.10066431157667,73.37491161337283,46.983620379067254,Black,Rice,91.38236812613366,19.135887753572,54.525351410703024,DAP
29.590353328110954,40.59294205662498,50.998036655839925,Red,Rice,68.70361630221787,97.74555643930162,6.347554987814286,MOP
33.18988384959991,81.7179934600244,42.09994825869333,Sandy,Maize,90.53099743405068,96.07973060206447,53.53001796288375,10-26-26
32.06554311259444,31.186505970980654,23.967815655898146,Red,Millet,84.73510997098869,55.659165910210184,65.4541303819938,14-35-14
24.52087227966482,81.61421984538691,30.578493650877665,Red,Rice,20.324261008813387,64.60907214959391,14.659184563314454,Urea 46-0-0
44.658484632373465,63.5342286696563,40.77209364012299,Sandy,Sugarcane,46.85527460384305,27.209301429327436,95.63647276468465,Urea 46-0-0
32.3923565773739,54.193228326350955,28.936617637426682,Clayey,Wheat,64.46075908425068,95.20910857128399,19.61507919433427,MOP
26.404235178706514,75.52481586134019,21.146430610046913,Sandy,Sugarcane,17.89503262489388,66.977480632724,67.3925993557942,Urea 46-0-0
31.528446573536904,73.01574010154819,52.82289642152687,Loamy,Maize,50.83026530462975,66.68079951387617,27.434115340819954,MOP
37.360032927195064,89.23957048850559,52.62125362486036,Clayey,Maize,31.93982880100911,1.1103333369922863,10.843083383187457,Urea 46-0-0
35.07698680359554,46.685102916778966,34.86762858627662,Clayey,Cotton,118.65036431785627,85.29698498496928,26.090080369488245,MOP
22.947586729884282,30.227620344560556,57.9572356728645,Loamy,Groundnut,47.80637120298181,77.8326218680202,33.41518335180748,Urea 46-0-0
16.990045032853246,86.03415649889327,39.2799114177983,Black,Groundnut,31.750504893277085,68.49239969048068,46.47318772310227,Urea 46-0-0
26.102525937423188,81.47382627227363,58.910876514359046,Black,Maize,57.14539639931951,74.0781813019585,23.43564434014873,MOP
33.89152521064693,73.73105265115535,49.567944108030034,Loamy,Paddy,95.62896666711457,15.657242459837716,72.75038866586078,DAP
21.30522029744519,61.0013269752923,46.14660458381405,Clayey,Sugarcane,9.187079854599478,71.877505284865,80.7191102024009,Urea 46-0-0
37.58266661216442,72.41737471492566,29.032736961579097,Sandy,Barley,25.30208990441857,9.681841069321006,79.09755960469494,Urea 46-0-0
16.996094440623448,76.83177341260456,43.82959747152777,Black,Cotton,97.202971449322,70.69494480386341,71.57485483912336,14-35-14
22.80945295735623,52.49255661221156,60.24945882924076,Clayey,Paddy,105.31592467257305,0.26317961255032385,26.964324616102264,DAP
39.14263691230036,76.21935151979746,33.72472891258472,Red,Paddy,86.48559914540951,77.62057874603809,21.045779104067574,MOP
20.803028478699833,75.03745915051053,59.1925524122474,Sandy,Sugarcane,123.08779847512338,49.15571847815394,10.912832824141494,MOP
34.183826426398205,66.79267269265559,60.89353727862746,Sandy,Groundnut,23.632026610863107,20.438686629786485,39.66811014027529,Urea 46-0-0
30.74010927371201,54.11195543807024,34.8430053206847,Red,Sugarcane,98.4966825082,72.92466144453952,8.72666401760328,MOP
42.74423911198052,71.83848115586045,50.738346485145385,Sandy,Wheat,128.4164222712012,31.56541317831608,65.53896564824753,DAP
22.89890311461333,30.186771469511527,60.46494273046859,Black,Rice,21.103552274428147,88.38175899975118,94.98289143624183,Urea 46-0-0
16.978832720520714,76.49379880347587,23.40635967912365,Loamy,Maize,34.126956835465364,18.0233525232222,75.5633280579152,Urea 46-0-0
37.05197889866008,83.78499614741082,59.53645384421467,Sandy,Groundnut,76.53584009271259,93.85506542860253,11.689172709839246,MOP
38.1653408862974,44.35894244625028,28.587771347081627,Clayey,Paddy,48.17670717663965,97.07501480531616,2.0481248718401956,Urea 46-0-0
42.23447557510572,37.24603105855378,58.23960095080688,Black,Groundnut,96.68947130953518,30.44852440523308,33.488882978634685,DAP
42.95916207590512,43.217039267623655,50.02034549146418,Black,Rice,8.05946657951505,86.24863997043009,99.28761567590365,Urea 46-0-0
15.41854718926791,48.1258038774059,35.49526379525243,Black,Paddy,22.506979925284373,84.21791188670099,31.28317479770013,Urea 46-0-0
22.030862583642616,82.98171051383005,26.811900649675955,Red,Millet,100.273362907147,42.461271009460276,73.75077987941283,14-35-14
33.50335071004973,62.58998581428567,48.5916932669804,Clayey,Rice,135.88661778075215,36.36844078527848,71.6529376591393,DAP
43.47048962062849,47.20269897638583,58.15046196716337,Red,Rice,130.13705271172768,28.243747323504497,57.255759769528126,DAP
43.50528357741239,38.30128138757679,56.983221864380475,Red,Barley,126.14937907919392,99.32367844655457,36.7646057669637,MOP
31.699595645854693,47.4086677862725,48.2707818708796,Sandy,Maize,17.88406394650306,25.575102695189965,20.82656940300881,Urea 46-0-0
42.468190492988235,66.83226538447516,63.03356793898544,Clayey,Cotton,20.430048530024486,92.06755977591222,97.99992164436358,Urea 46-0-0
34.24698626839013,49.4483117938468,46.546540718409645,Red,Wheat,10.117065954082172,42.83352137597225,6.5893770005125525,Urea 46-0-0
26.700231424237387,57.44161090145991,28.90247530915637,Clayey,Barley,75.95563264027074,93.54270123414086,23.622775193709998,MOP
29.579720012907295,56.647026420996866,39.31988251774216,Red,Millet,123.54806420633201,83.88448341981828,30.889947051011667,MOP
33.129314487599196,79.68812164389072,35.153569941552526,Sandy,Sugarcane,74.45086600936439,15.577732561551283,90.95033534823052,DAP
31.486437645256878,55.58088925417384,64.63752553582765,Clayey,Groundnut,109.44013995543159,57.428335435088314,71.33692630190983,14-35-14
42.78544280119361,50.741929270530136,37.11064232527691,Clayey,Maize,26.38353016757662,67.3503014685686,26.537185023801268,Urea 46-0-0
42.562003069008185,70.49829628854631,64.6715393149168,Black,Barley,120.8355764232869,40.58204059990451,16.450130293866305,MOP
26.846268387706647,43.28892334401172,43.346191283003634,Clayey,Barley,26.239467901549204,0.4877044482226589,88.04974135265311,Urea 46-0-0
43.89787585322135,58.03474943559323,27.752586566470647,Clayey,Barley,7.666977649313256,32.53313297689604,79.37831324318397,Urea 46-0-0
20.21867000041393,48.88594123944098,23.355833206316593,Black,Millet,59.00874145993374,83.89449479732487,3.8387431976404374,MOP
18.78988558318912,67.61133612977008,36.66375621982495,Red,Rice,77.71462020118139,6.282398021726943,87.93008435965847,DAP
19.05237474140194,82.64162848168876,25.553848691662843,Loamy,Rice,135.90388133299524,10.541974643931717,58.79397452104611,DAP
30.1698649703069,56.86134000873771,48.553342233132874,Black,Cotton,12.845536681766808,70.17873465119159,45.753719698637205,Urea 46-0-0
15.64574415822594,77.06744512751538,38.6263930578234,Loamy,Paddy,38.3485330521377,51.41582677561877,67.38518768832562,Urea 46-0-0
43.43910633653043,57.41794203369302,64.59120346364526,Sandy,Maize,14.714989671486926,49.816682499451225,3.944279853538757,Urea 46-0-0
39.813464135121976,69.37375990302789,61.8480030643993,Loamy,Millet,54.66154914326629,37.360971892640606,33.03212034696615,DAP
15.450569422263671,37.910458501650126,26.715621453938752,Black,Rice,40.46155164628776,60.3513616671319,8.804841780935202,Urea 46-0-0
20.285887667251657,55.97889041805889,37.76970181415602,Loamy,Cotton,71.86204892550693,85.14687668770384,68.36374647810503,14-35-14
24.96190723100511,84.5587193192962,40.77108699330738,Clayey,Maize,48.755935445104576,27.692305646899275,39.80117152162973,Urea 46-0-0
18.92990534432751,66.32874006185608,45.24269398048753,Black,Paddy,129.95192255501414,84.4761362843635,47.895409177394086,14-35-14
39.284720763797466,76.00647523422613,55.11635854801708,Red,Paddy,110.59269149362565,41.66191485721183,28.98033391923721,MOP
25.342099580498804,60.282036485753665,41.923725908304064,Clayey,Paddy,120.54159160595657,50.09840123939405,78.82945201123253,14-35-14
43.20322447000102,59.88333748968045,38.89970984046084,Red,Wheat,18.130132432005418,72.96233785681802,4.651268226775162,Urea 46-0-0
32.4604253984124,80.573990411571,31.789986712370105,Loamy,Millet,80.50982337841995,25.87217075066073,28.112564636385827,DAP
41.36495953235532,34.068416060457224,60.98627625890413,Loamy,Sugarcane,30.069555023880223,92.16369186561401,59.0595861758878,Urea 46-0-0
40.34203336176665,64.39633629298108,21.002218018976187,Red,Wheat,121.55340000172446,70.20694642288483,79.0133502434539,14-35-14
42.161769561259476,86.56575452597696,56.95048541985341,Loamy,Cotton,2.102719045479371,61.8930423097489,60.159933591195426,Urea 46-0-0
28.79640797450421,61.071602890339314,28.481077984988833,Loamy,Rice,14.804190118207304,27.30088373119177,73.04886686536354,Urea 46-0-0
31.3904044806112,41.66794857167307,50.859060462764624,Red,Rice,52.64799057662418,69.58484563594459,2.3527914877828127,MOP
38.95810773456118,80.87636354660857,35.98442252028397,Red,Paddy,56.29314685304709,25.721474845345536,25.492358930854298,DAP
23.571565552024428,45.09834854135117,63.83956825527911,Black,Barley,38.81081161701557,81.64526703274775,4.2091759842372785,Urea 46-0-0
29.70760567859783,72.04356218895228,25.524745825223896,Sandy,Wheat,13.448819826391485,1.1472455022906058,50.00123984687892,Urea 46-0-0
32.973309229376355,62.41565642381399,28.44064516777578,Clayey,Paddy,16.6222567157631,16.65376436115401,98.91402961407735,Urea 46-0-0
15.465998266525071,86.93017729681318,60.02491139590155,Sandy,Wheat,44.51226553862674,55.7828988762059,1.3530508105218941,Urea 46-0-0
32.80444224589911,67.46020214416055,46.25328415737026,Clayey,Sugarcane,133.1109967708809,71.22809996025022,44.08790383372555,14-35-14
28.01029046968375,80.27867772286376,33.916087309645086,Red,Rice,29.036919074705352,49.24806539131104,0.4786418105884538,Urea 46-0-0
39.220815866545244,30.475972571671385,20.03439734651846,Clayey,Cotton,104.61924494829115,87.78095014799501,61.288861932934694,14-35-14
24.457344092861188,89.36040336999828,30.241898224501387,Clayey,Sugarcane,36.14641296104776,97.58699375629136,18.33587261280697,Urea 46-0-0
41.78666125575454,34.66287421994319,26.543163537705606,Sandy,Wheat,5.213635785509874,46.42770675442433,71.27417837905283,Urea 46-0-0
32.33571645853607,49.32777081688617,29.154522096654077,Clayey,Maize,2.24730928338869,76.79869794828058,15.964851197294793,Urea 46-0-0
20.52030604882395,86.76914372740592,60.33451505618021,Clayey,Maize,21.378830365364706,49.477213383352726,82.85756552303602,Urea 46-0-0
38.637877014765124,30.536346142274702,59.28924702213382,Black,Wheat,64.6917870196839,66.50987783358207,20.61781637342316,MOP
33.360935311348015,79.36380032531613,51.513024693505244,Red,Millet,105.82615365529271,22.487497996736572,35.22162738319508,DAP
16.61727816221259,81.67269830200766,41.172395426849405,Black,Cotton,102.03409047232155,10.95417172162685,23.057847192326907,DAP
27.605810400033967,56.38984885251435,57.22112010495297,Red,Sugarcane,49.33452194762514,97.90089375741901,80.76844924516463,Urea 46-0-0
35.372065096962885,45.34471162835587,42.312187868834556,Sandy,Paddy,67.07949902680791,81.49946597059848,49.02699555897064,10-26-26
42.558053339325774,78.16137117799792,36.35699074782073,Black,Sugarcane,113.97032547259313,28.538353244953097,87.38335058866241,DAP
15.012060746740723,58.671720265933274,32.40213962423864,Loamy,Wheat,117.37640689305707,58.58283844279211,13.00859726981044,MOP
44.302774470931794,38.06031651934177,61.61333660922673,Black,Barley,44.788338058517965,38.007120527879124,49.895811036503815,Urea 46-0-0
26.297409442373233,85.67093956950065,37.41451554153315,Sandy,Cotton,0.5971025769949989,17.63380407698657,77.6613633982084,Urea 46-0-0
44.21350615074968,83.75819802039891,42.17963930440941,Black,Sugarcane,6.5703180516725705,41.88351430524928,98.12101687911365,Urea 46-0-0
33.14148302922159,59.492709001016124,31.449714604148994,Red,Sugarcane,103.29303286455777,29.718779419672757,67.33777301945412,DAP
39.86537423942079,81.40214979106753,59.82349334771285,Sandy,Wheat,38.16851935015112,1.6624106532905913,18.300117978695376,Urea 46-0-0
32.24134514124307,55.11468154584592,37.246855556237904,Loamy,Rice,67.40801370613131,38.736830699880954,75.97729555480026,DAP
33.84228594922051,71.00789400997806,33.390862189124384,Red,Groundnut,26.884377244360202,92.09130038047522,7.463521512286109,Urea 46-0-0
23.56728845087082,53.87943836447535,52.29177329876395,Clayey,Groundnut,118.59580825150722,82.82002587074487,76.277246372078,14-35-14
32.60500021968249,60.34452104704862,28.589147442753834,Red,Barley,70.47286534911743,57.407475519655094,82.78152309219722,14-35-14
37.5006529110798,41.37310217003564,25.31866832061673,Red,Maize,73.8024246011166,31.86468647803825,55.9209716111827,DAP
40.749415092871274,87.89933544665483,57.66490019960805,Sandy,Groundnut,40.331142332005676,23.126429488543753,49.27208298082279,Urea 46-0-0
37.65246565403041,47.65294129465528,53.48611646162909,Loamy,Groundnut,71.6798922929492,95.60195836309339,93.65274226769438,14-35-14
35.94171745341909,36.20757336698408,46.57342464412027,Loamy,Millet,0.27491035355280413,56.461009906871176,0.009695068767479054,Urea 46-0-0
40.934382901637996,38.65892401374289,30.93012087341918,Clayey,Rice,38.82130564804941,21.760530355912312,0.956689437851066,Urea 46-0-0
24.680429905102393,30.84553765154658,48.04612153344128,Black,Rice,48.82681769538103,24.948205109862286,25.195142314544018,Urea 46-0-0
35.123663723627615,72.95674196774367,48.72598943335278,Loamy,Groundnut,39.753124080465035,95.95962025309191,50.567646325861816,Urea 46-0-0
28.526218092400477,63.869899214452445,34.74062498505463,Black,Millet,12.033311860838495,23.8814133296392,54.04166504960898,Urea 46-0-0
26.463082560945516,77.67470107108514,23.037020438039402,Black,Barley,73.04936929276819,10.671408835553786,37.12924240247065,DAP
27.324340497665567,60.424795397048186,59.624236890394705,Loamy,Groundnut,110.38707867229212,18.396193975266918,29.271137519518675,DAP
27.044387504086217,77.50926237024923,40.69805289834163,Red,Wheat,131.96378098514404,76.6224806917919,20.236734647394485,MOP
24.521518378748308,71.74585285631036,54.37427231298934,Loamy,Sugarcane,69.62057089633288,70.87642559312613,80.02818943961242,14-35-14
33.65758103760904,76.67090861155052,31.424987942423286,Clayey,Maize,83.12554016976209,43.79419247771238,31.59229045819424,MOP
27.90741812463793,54.38897213862518,46.61242320203826,Red,Paddy,40.72039129346588,79.38045071164251,49.2467985547119,Urea 46-0-0
44.214062337817566,68.86623799124888,39.295782215695894,Black,Paddy,20.882331248826432,51.75126921426194,81.12908917040033,Urea 46-0-0
35.334026743029334,40.78765786157847,37.194528914711285,Clayey,Rice,18.46203670198175,41.3598161129107,61.23589424601151,Urea 46-0-0
20.957096652813327,49.30919780327424,25.702102273111525,Sandy,Wheat,102.53050862173808,11.744193622758958,40.86084961771249,DAP
27.801030280440983,40.356277207187546,30.991999844403914,Black,Maize,102.8257209489908,88.39110659363493,17.690422236042746,MOP
25.30038719323269,54.518233500795745,23.57037123312435,Red,Groundnut,25.109002329128927,27.55932144103168,39.76520898471001,Urea 46-0-0
38.929164118757,44.48512487793593,33.62862371229104,Black,Paddy,57.89845316861086,61.626072332986034,48.52126537301182,14-35-14
41.39994865690295,54.41531964776148,53.37671601041999,Sandy,Millet,83.18020590481552,98.4579778960706,99.05845925641049,10-26-26
42.11525867479116,88.51334054623872,47.67570762369719,Sandy,Rice,17.539472466060822,18.941802204375378,28.419507592058558,Urea 46-0-0
34.88159437125787,49.21915954932187,50.25849945202666,Sandy,Maize,109.95165298164122,96.51879917930428,16.563967647923185,MOP
23.106247860892733,88.94945669849372,20.37723857862642,Loamy,Paddy,86.79890846483346,65.27153684256953,22.05755135154441,MOP
22.57100104513769,68.17836755135902,50.526963751309395,Sandy,Maize,86.13103681118363,12.873160459654764,21.14673443568529,DAP
40.64693828092207,52.50546110363466,42.64313107442992,Red,Maize,98.16913286860853,77.19271460730484,7.604769057476157,MOP
30.8314393892624,81.4490699450158,30.390880271788063,Black,Millet,138.20563148929241,95.17757782570936,36.49076984234536,MOP
39.06483252013794,67.17520436211443,27.8703429041865,Black,Paddy,78.73522383400494,56.27805496894249,28.473402479064248,MOP
32.174655515748185,45.12198480785036,28.324233449787343,Clayey,Maize,121.01827663776871,68.8555199758148,88.75887921433807,14-35-14
36.994275758625335,77.57134067861325,57.99170022837943,Loamy,Barley,58.619214508003225,2.63478788699828,78.0259609956419,DAP
30.570348823921677,55.97631052404978,64.21654051872883,Sandy,Millet,91.62570917184081,98.9075685507947,10.906495684734574,MOP
38.12651731505664,51.450670039826484,61.118283117873425,Black,Cotton,129.53656630022726,31.845711981368254,85.05034953674094,DAP
32.06573972114147,49.816616191504856,35.631623916776576,Sandy,Sugarcane,92.98111419017054,2.3903779366219347,10.959860690915658,DAP
28.971296357759428,71.84213253678837,55.110106086111365,Sandy,Barley,42.43129463202927,80.85641504743884,72.02077467752444,Urea 46-0-0
25.280667238598454,46.11900743437359,44.59045658156438,Black,Paddy,86.79239714062818,97.32525517670682,57.28242979210984,14-35-14
17.046280452501122,78.49668082232282,56.7399078900172,Loamy,Sugarcane,49.184564850146955,73.75885099166811,8.680838426747961,Urea 46-0-0
26.337725379842993,47.71732766399087,41.767712803500764,Black,Wheat,45.13133451881873,0.27358060454003574,90.53280360773668,Urea 46-0-0
17.38878233094757,62.64728301512143,46.54780842347317,Sandy,Maize,85.42870822449183,6.3360511374035315,87.45665148853764,DAP
44.484513411913355,59.27528950831214,55.42685513859177,Clayey,Maize,22.445252478374186,58.42694052275807,84.38517313619269,Urea 46-0-0
20.448385539922914,81.32138475572219,24.510558939640955,Black,Maize,68.14345100608546,33.57151077556031,36.95673551173151,DAP
39.35576093161619,83.30318606372316,44.165320257824334,Clayey,Rice,132.3887998980948,88.18334807517967,22.29514123754536,MOP
41.24884934867694,41.063066542066004,36.469250600134444,Loamy,Groundnut,53.74799387699532,87.36693693569384,99.71116548587963,14-35-14
35.6523975715783,65.12090753629506,47.19380796509925,Sandy,Paddy,26.4547630544136,98.75189087044416,81.7338365479504,Urea 46-0-0
32.08483238236127,83.89230276102822,63.146113203665024,Red,Sugarcane,65.63745294990534,71.58319690725938,4.2128160628106315,MOP
19.829143104468265,56.767033142065785,37.67703252486331,Black,Sugarcane,117.72709640349454,87.68836998086516,37.32778778648282,MOP
29.00640068289919,85.31209832902891,37.68378490737274,Clayey,Barley,117.97348116330457,31.96501118620526,81.21869757489847,DAP
25.35516153465645,46.739453427418255,55.57866471153195,Clayey,Groundnut,115.8924535242911,11.117695191980603,52.83846967228796,DAP
21.751198734422537,66.52987045162774,49.028527958844194,Loamy,Groundnut,1.606571764813871,86.53641057823798,24.713082560012843,Urea 46-0-0
32.7753560629739,70.94722258600893,37.72478035349194,Red,Groundnut,37.38564338996133,30.347259796152503,79.28879304474935,Urea 46-0-0
24.36809513105751,43.69234400102904,51.00297717036132,Sandy,Groundnut,139.98261026039674,41.93322981668862,26.17510439444676,MOP
42.489166604050524,30.826050753463008,38.18007240744706,Black,Groundnut,16.755658806948112,64.60302570715727,0.03983800547517902,Urea 46-0-0
42.28906574854671,55.003437742241765,26.125091941165493,Clayey,Paddy,68.61252945226866,60.50991341555127,23.131891895573254,MOP
22.713548813465884,86.30891351140404,40.27894709024605,Sandy,Wheat,110.60366108437594,42.092308451487995,99.33702889624809,10-26-26
18.326739022320876,50.58168658982439,35.04887267137727,Clayey,Cotton,17.109947413139864,38.61505118705936,65.62008343421061,Urea 46-0-0
20.788881960573384,76.784657728956,29.808601852752556,Clayey,Wheat,92.7372852967747,12.26810418590063,22.06681220871737,DAP
29.987525120366584,40.484178769644444,61.6598660736398,Clayey,Millet,68.33126237298538,53.38618843034166,68.61397019787448,14-35-14
36.857570039237885,50.51717017814715,51.0337729585801,Sandy,Groundnut,27.200597492066144,23.285409724399596,68.69368982218188,Urea 46-0-0
21.245833152263742,38.6758632502858,46.946940078053984,Black,Cotton,123.00820372158086,75.48078511004613,64.0742769936858,14-35-14
22.441006751316923,73.00624884878256,53.59958624553523,Loamy,Rice,25.40823565808225,67.48705841645001,7.054851672187645,Urea 46-0-0
40.550156248091014,71.95845742180884,44.38869777971487,Clayey,Cotton,89.46740030126854,7.1926964809214455,24.29641169892971,DAP
27.47546154802582,71.30983907693513,51.52398826787761,Loamy,Rice,103.71576294771008,98.92646847358003,87.08371928269385,14-35-14
33.50055201465709,45.203762069177984,61.87519186624303,Loamy,Rice,78.77420412305196,78.04569355743412,73.47408193015217,14-35-14
22.0099841771775,71.54160729740454,58.817751252734986,Clayey,Paddy,88.03781960360675,22.782588689059757,16.781600598408343,DAP
18.05901778277392,43.63785245495697,27.53488358779346,Clayey,Paddy,16.655155527080623,3.0742818349697054,29.858946127654594,Urea 46-0-0
30.475710509055894,55.47894695588038,31.84125607657434,Black,Barley,43.12517818763438,47.83718310716986,56.272202873564694,Urea 46-0-0
29.31422961149347,52.315327300061234,23.222462574881206,Loamy,Groundnut,82.17470901215509,35.2742437501074,82.64457660228291,DAP
19.580149322794895,51.318474697207336,64.04027623212562,Loamy,Sugarcane,55.3649202830516,54.6511499364228,20.05163063645068,MOP
33.65418695221247,33.45928843447538,30.6372844397169,Black,Wheat,92.9524514005921,65.96639554249211,10.166529365348886,MOP
31.320303564418143,67.89879761195638,49.72692601678695,Red,Paddy,119.27365027260176,79.72198073587383,38.18688895906489,MOP
34.62412040912233,72.43899616090198,24.033381451735792,Loamy,Millet,26.631092503705695,1.3544346839127641,91.23534692527589,Urea 46-0-0
19.336366203739793,66.81532167017014,29.484692393915843,Sandy,Wheat,126.4581781218469,71.42955138788784,26.051351925742427,MOP
37.54583451405732,68.89876536978747,42.627097258328206,Black,Barley,53.64461906035306,29.53139661018992,10.830435271308026,DAP
21.66147419399768,40.196442853035464,24.72291507484676,Red,Groundnut,132.03740630195566,98.6402575637417,5.5942965275782575,MOP
30.580554730980992,38.96680793633175,37.4993031212626,Clayey,Barley,86.43352382349512,84.62417305877817,35.16705558700568,MOP
38.55888084664856,60.85050261155297,44.20944740628564,Sandy,Paddy,110.61337296042599,56.04011810847819,3.7626945268522616,MOP
15.669912839754186,82.51996358127235,35.2641883198295,Black,Cotton,72.06855997225163,59.77656853768393,58.303392123044496,14-35-14
24.730873791785594,41.03720649283332,45.0155095006959,Black,Sugarcane,74.36025721506323,19.20756730045573,67.25568103202951,DAP
41.18767129200333,57.77034712249559,44.15457448741088,Sandy,Groundnut,45.86314582723607,22.625158858706552,46.048358998473816,Urea 46-0-0
40.34128822806208,55.73594004179418,37.57747244316076,Clayey,Maize,18.11105901182977,15.401317833795114,74.11168537245287,Urea 46-0-0
31.15321777783631,59.83735115517098,51.33215373954963,Loamy,Maize,53.735067660459315,37.78135474644417,50.102496441408185,DAP
40.99824822499539,39.69064622916072,50.53171042990658,Sandy,Groundnut,30.09670731083487,11.195544434158112,70.2352620836162,Urea 46-0-0
43.4941797406088,50.54643846808863,50.92864172184754,Black,Barley,4.60113582346832,51.127289363426186,23.06409059229675,Urea 46-0-0
39.79220992888024,45.71282424621121,45.267106645971836,Sandy,Barley,38.48415617553633,63.84779554015474,74.46124094614665,Urea 46-0-0
40.62346331509616,80.67161659376873,36.11359613058211,Red,Paddy,25.280647373359972,12.221237823698328,50.16372020053996,Urea 46-0-0
17.96230205461045,78.01993474658411,47.59005509151555,Red,Barley,122.5742441053372,34.419635893026815,70.53688299090277,DAP
34.53912997022973,55.598349496088616,62.108131997368986,Clayey,Paddy,11.373118740396697,7.034787968520783,44.669779031638924,Urea 46-0-0
36.105509644579584,66.42092764734232,46.85998362256879,Clayey,Paddy,25.745383871463655,52.576118727206925,50.59406095753813,Urea 46-0-0
33.30722437939889,38.7279366159732,64.08155784617414,Red,Maize,98.5642973750868,65.02897692030054,4.153518297857339,MOP
38.98845785208084,60.57679765305352,39.845297918399204,Sandy,Paddy,128.6916247428383,61.547214137510274,48.930929060426465,10-26-26
16.03713659614903,47.816825147214274,53.2825383128396,Clayey,Rice,35.204183312470775,81.38695628094851,14.228750219732444,Urea 46-0-0
38.1071620366494,81.57905721415207,21.692174539232006,Clayey,Rice,2.98215840459342,23.556623650242038,14.249584698454566,Urea 46-0-0
36.95185802218581,70.2959028543834,54.41269875502187,Red,Sugarcane,134.47062618571397,61.818184184044554,43.335040255954496,14-35-14
22.790951798950594,68.00844075734526,43.32267111470656,Red,Barley,95.51088966635308,30.282851923264065,57.62147898259074,DAP
22.7120789646644,37.48507800415075,20.239243983249647,Black,Wheat,43.492777448939826,8.876770607914231,34.304869519155204,Urea 46-0-0
33.96909952290383,58.23527276993315,32.474004715216935,Sandy,Barley,66.13228191013357,30.526147156581317,16.04915902642081,DAP
25.35892384773245,89.1943667752129,44.067450463391516,Black,Maize,83.89582234302688,7.135647494461617,74.14104169799515,DAP
38.89766034021862,86.8979504443599,54.55832952265902,Loamy,Groundnut,52.3416000891479,95.85742110196708,96.30915727829361,14-35-14
28.38438696010372,68.7051384156266,22.38916679536363,Sandy,Rice,122.42829152696478,72.71654349269294,73.36422859505056,10-26-26
38.48248244352516,39.10349226191842,44.707404973273384,Black,Paddy,101.66416236306785,10.146085782400405,7.706423149742648,DAP
44.71415350871522,68.34761092319431,56.04475501092602,Clayey,Rice,133.60769864738955,78.62693223485935,84.09081581252352,14-35-14
24.007450186017003,63.93972675263565,49.23123746953155,Sandy,Paddy,49.14917319874964,35.21553600965318,6.751405041336966,Urea 46-0-0
19.290174847742982,58.11995025967512,61.91511567468098,Clayey,Millet,131.20437242104936,91.14351403237923,43.631204859924885,14-35-14
42.03925309047821,55.68224816809621,23.36291502566425,Black,Wheat,67.07408039160417,49.54974347471134,92.88627993212792,14-35-14
31.2467813666212,65.9561853394818,32.4562908170264,Red,Paddy,89.925169410786,87.26927229848721,26.318010363654455,MOP
44.24221112565247,80.99819331095793,61.36568769152776,Clayey,Millet,103.13060866568424,22.05297947437237,12.795317189279531,DAP
34.09813200005692,75.06726242231625,54.425231673416434,Clayey,Groundnut,113.30731566079521,36.719232590326556,76.22387720608016,DAP
44.81739073831437,64.76163241783398,46.98831550124444,Red,Barley,55.47631141957714,36.68369421583827,92.86081213991312,DAP
31.38212412428855,85.48225089216169,57.483566472668166,Black,Sugarcane,62.71243699206796,9.713268160328525,32.576842070431766,DAP
30.792778017165638,33.884399006492934,60.32195712087509,Black,Groundnut,114.41878365578509,33.10144340657948,23.245809784533655,DAP
19.062837092165097,89.48079052390855,63.77241587837712,Sandy,Barley,100.45800843273369,65.97098038387995,18.24854764117131,MOP
25.671155129516436,33.179672560079375,64.93342281904125,Clayey,Sugarcane,131.71888931245013,46.65434913737406,96.32355226640739,14-35-14
15.786557018891198,41.96973276831368,26.284220015784655,Black,Millet,137.14370199849776,87.92315697444312,57.66346346502746,14-35-14
19.811855385589475,55.36515969867366,23.174392013466463,Sandy,Wheat,25.047867091218524,26.96702663903483,86.00877719102841,Urea 46-0-0
37.36911578122488,36.45053257111006,23.30599944620555,Red,Sugarcane,31.90871765378573,35.48193487216488,30.83449860518661,Urea 46-0-0
15.911990697863665,67.4202246598621,20.66347059049761,Sandy,Wheat,100.23810261906655,32.035429015061226,5.643643035844093,DAP
25.99629291731233,32.87955384293204,63.73190328400667,Sandy,Paddy,104.63358285159408,55.17379706217076,45.38041851153017,10-26-26
40.87038758514132,47.07743286041653,24.26451124057531,Clayey,Sugarcane,84.44513759255356,18.821941560628787,20.711009590737216,DAP
35.78033152522063,33.66220086718027,57.87815717836323,Black,Cotton,122.82196699101159,17.32442715081729,51.89836643290452,DAP
35.72826426198506,72.21115986630487,50.83278486084649,Clayey,Paddy,35.27866469550339,93.94819242084544,53.798763561773555,Urea 46-0-0
20.65910402865933,70.10737005536892,41.940072536731314,Sandy,Cotton,47.52823520155094,37.664771374633,29.42882172433129,Urea 46-0-0
28.257128422452702,52.714835595036135,35.601269661136016,Loamy,Wheat,69.25055873496726,58.70981348830499,30.74538821838113,MOP
32.447322220328736,41.29165560178927,35.914150418015225,Red,Maize,44.10379245559946,5.515208501882385,2.4173672214832798,Urea 46-0-0
44.69255122991116,74.8202897417967,31.422749705623424,Loamy,Paddy,76.36147250785261,14.085799689936685,42.04020139303806,DAP
21.117186756993654,50.422757445928035,60.99580881643819,Clayey,Wheat,95.5469311017122,9.635855186124331,32.36894136587639,DAP
22.431987052870646,77.71807004433856,52.6539145472691,Black,Cotton,30.851366161517277,81.21155679581462,61.94901252611663,Urea 46-0-0
22.86519251318736,59.274056350777215,21.166660675292142,Loamy,Barley,67.94724355557328,10.314678258346422,85.97630666919952,DAP
37.505172398939784,61.54016666105876,40.76845639612016,Red,Barley,139.01739006924697,51.631604567954916,49.264044079291565,14-35-14
28.709259823070784,31.709450969494032,32.658557264156514,Red,Cotton,45.38258244537289,15.557789799207411,8.270829803188938,Urea 46-0-0
16.70788315233285,68.6539211927419,21.30347837800543,Clayey,Paddy,4.9506687287839535,27.881675542884853,93.34804583342925,Urea 46-0-0
30.255487218307188,51.03939014593004,59.81068524391825,Red,Wheat,114.42924209976185,88.26020025030701,80.83269668547564,14-35-14
21.35880493931028,43.75230163752394,54.695241107960705,Black,Paddy,70.46294970395272,63.15937651309106,36.55188231357733,MOP
38.95812734280631,56.03300257270203,34.838078565991744,Loamy,Groundnut,7.389739856599871,96.366271021307,33.07289110251447,Urea 46-0-0
23.919941445218168,52.94804743625505,55.845136439152,Red,Wheat,124.64270381139377,59.9714365615993,93.7934078744633,14-35-14
15.828180358635109,58.18734240518161,34.60872449913485,Black,Groundnut,56.63201319725009,0.9519716216558005,37.48943405611161,DAP
32.80297348393863,88.76900125078839,33.8547099717941,Loamy,Paddy,130.09824549965558,41.56410055204216,63.580221862317046,14-35-14
40.315212867935664,51.862684222093826,61.76490853253268,Red,Millet,56.29094433207862,2.244175435867979,98.53443380985733,DAP
26.430483721866423,76.46460800016237,63.96122728756326,Clayey,Maize,10.75651986845532,31.398432804694643,3.673976453048744,Urea 46-0-0
37.4957493217843,63.166055792993546,43.55998871226018,Loamy,Groundnut,34.34216017679898,48.16249307207418,31.463097814877827,Urea 46-0-0
30.334244348913845,83.34786534644897,62.83708254055662,Clayey,Paddy,49.03647079900839,57.545934112380806,23.1235721941473,Urea 46-0-0
31.22855414886566,51.29717106897432,59.95984222669091,Clayey,Sugarcane,105.10196092973152,23.865020292892993,92.23654191512635,DAP
43.78302963185257,44.73112081119045,43.31146527174839,Red,Cotton,25.86474132889971,55.82865784476518,55.113673055141454,Urea 46-0-0
39.11882674495941,84.6611543794181,36.77369609438685,Sandy,Cotton,60.33631152162241,39.492013410723395,5.371353840991677,DAP
15.96969199870722,32.61205582546592,51.96595602438242,Sandy,Groundnut,122.25435877423561,50.6582187506927,75.52482494733968,10-26-26
36.28161753693885,87.04520568366013,40.50395410889243,Sandy,Barley,74.72655279218964,19.596701454252152,68.40838213346167,DAP
28.95004444690518,63.38441494025552,47.23458028054458,Loamy,Rice,14.441660764867931,15.67516100034313,66.21741034351712,Urea 46-0-0
43.426468241852994,52.58179300122525,64.5682788600476,Red,Millet,3.4331481876485115,75.45170076023864,95.57287749268826,Urea 46-0-0
21.642982029704648,89.70313934034667,54.82623124804108,Loamy,Groundnut,98.81337216254681,32.99732288055194,87.46015987152931,DAP
23.012160590530975,33.5017587688579,35.04243822472218,Sandy,Wheat,137.0778487341504,64.41956925382163,75.32514851657419,10-26-26
17.44421894631786,61.00238158605673,24.00491993700701,Red,Rice,109.92313681332296,56.54555965905419,22.26659543716385,MOP
27.858564859913596,31.865824527332872,28.320751562528375,Black,Paddy,107.06166755835845,89.95309158860711,13.801496204321861,MOP
18.270562920572047,64.27054435117401,43.70833441513255,Loamy,Wheat,94.56265219492278,88.0683617907015,22.08883363414058,MOP
34.01360281835754,40.828110539706934,38.769608814808606,Clayey,Sugarcane,111.37037944181313,44.311140032678345,20.550986109365212,MOP
39.088897121212135,67.85755202037183,56.02968461581578,Clayey,Sugarcane,5.602489994170117,20.473508649225703,56.79645458145579,Urea 46-0-0
35.904014883605356,88.85542054503489,61.99410521840068,Red,Barley,37.055428440359556,63.21923752918258,66.30438231677196,Urea 46-0-0
37.986341432273115,82.49415307274285,28.003913657810685,Clayey,Rice,97.35565503601734,63.683597534655014,52.741752040165224,14-35-14
25.273623595305594,57.11017496525224,58.703004689429726,Clayey,Paddy,121.37836614508414,69.24175033786028,5.634939173447451,MOP
40.37554449083033,72.50765220310304,63.0827716847001,Clayey,Rice,94.44496205435539,90.74732027348,36.316259495312984,MOP
27.863063249983277,76.64812500019136,63.1761773082402,Clayey,Sugarcane,24.678657917680425,78.25809780445985,96.77274091080609,Urea 46-0-0
39.72029611236957,59.690585050953814,21.70381644741937,Black,Barley,131.08318439239704,62.52909358558468,69.55115754051091,14-35-14
33.79488475872881,61.712009410653906,22.591257752367817,Black,Cotton,126.4730180155194,60.09655953980898,36.97397795415153,MOP
19.302691460107347,39.04706390233156,20.260882681296003,Black,Sugarcane,12.135027259614894,21.275903606814207,67.16261486023335,Urea 46-0-0
17.35160699564844,52.163995536714374,34.07065202699644,Black,Rice,27.02000526039542,65.1365361997868,26.510969397346273,Urea 46-0-0
15.549979287390219,38.5332751843672,22.506428572044708,Clayey,Barley,38.527024285473736,81.45001707766045,7.747756400296191,Urea 46-0-0
17.001749929180693,73.61362520067377,33.223811846174485,Loamy,Maize,103.37766188464495,92.23224808528965,52.80671392556082,14-35-14
28.757514411252956,58.620779664135796,36.020741871403395,Sandy,Sugarcane,120.31226596211998,91.66501120809326,28.976912585189275,MOP
18.400257683027714,56.932730202405935,62.915465831326486,Black,Wheat,80.96513424321716,56.10988058726366,48.16518956541637,14-35-14
15.833500465460098,83.15987826992108,41.46279151190501,Black,Paddy,27.95037989123271,25.983397574048773,90.19945945493232,Urea 46-0-0
37.64584444171402,61.657126338693686,32.520729908959865,Sandy,Maize,58.112584266990744,33.37974568237166,65.1740366748724,DAP
26.84551441381918,54.545449915011595,42.63523377729297,Black,Maize,19.300288036975,99.77623655688204,72.33191356259469,Urea 46-0-0
37.40815486822575,46.13352133275875,48.951106609211095,Red,Maize,128.4354661601794,52.55977882178193,10.25865252271354,MOP
28.572144802393545,34.320722110186196,25.006055265534577,Black,Groundnut,107.0343316574663,81.59066728378224,47.965808579270764,14-35-14
28.50260241002283,55.088168023518946,54.112774615989885,Red,Rice,71.42993673285086,59.70161877845721,40.434189038945746,14-35-14
29.34217520153493,31.545208944395004,58.3375597079283,Loamy,Maize,63.50050604391731,50.69303873283266,64.68572427516848,14-35-14
29.22011779686582,47.46923643314568,57.99124368062427,Black,Rice,13.697890968379786,34.85396153056978,28.773513455495802,Urea 46-0-0
39.09490026342509,60.210570590903785,60.07280745854403,Red,Cotton,44.61454988204582,53.77705282313025,38.30647122175665,Urea 46-0-0
27.071775595732074,87.95598390118334,37.18290785400925,Red,Paddy,16.888591350035504,0.673470699420331,98.1016791950987,Urea 46-0-0
42.140584810308695,36.562974851615074,39.97123392649333,Sandy,Sugarcane,109.52732887071642,87.6685806596574,11.481056778526666,MOP
16.111831438621074,70.38246325299733,24.57116641757748,Clayey,Groundnut,76.28371893466723,56.148648153267935,19.990786306137586,MOP
38.21623028161256,59.995942265951996,30.16131150940558,Black,Wheat,31.81883339812224,2.4281425324678585,23.904616434577044,Urea 46-0-0
18.769241434132166,76.62589375654699,63.7094211172945,Loamy,Paddy,31.388397495831086,81.81747453311654,69.66542004402304,Urea 46-0-0
33.55540700736256,38.61641987245255,32.808078603593096,Loamy,Barley,36.45574765220997,13.535439086207324,71.36880913205015,Urea 46-0-0
15.310927840056959,34.99215818615254,60.83282640084488,Loamy,Rice,43.24218532427584,3.063869809086972,78.47549365756691,Urea 46-0-0
31.15881847729041,53.95311632114723,60.074852887024,Red,Groundnut,54.27871844939738,46.23354041351158,38.104437482785094,MOP
15.09053869858789,77.817735118794,61.512702376717705,Sandy,Millet,41.65685053281321,96.06566952869964,85.24032876575542,Urea 46-0-0
43.53581356470613,41.50054433459341,27.026730399835763,Clayey,Wheat,95.13782523464104,9.361424846399025,69.73465395889892,DAP
42.16206101108334,76.06663152883644,59.58749645756214,Black,Sugarcane,4.910306702711047,6.5598516135043194,71.32598975767365,Urea 46-0-0
38.87900825826808,47.41787982371209,48.439772770841174,Clayey,Paddy,45.935444090391535,87.99355762219237,82.19886443150706,Urea 46-0-0
42.45822959744362,43.01348925670772,29.47826802884611,Loamy,Paddy,104.34086220012216,82.13720415432884,62.892443834081256,14-35-14
19.366746934751912,31.002935344620386,35.53021616510365,Sandy,Maize,131.99311791053987,81.99694222450839,42.22276228482986,10-26-26
19.731902096116,53.919543595342724,27.196345486517743,Black,Paddy,112.38255702205717,46.781804781537176,3.079881116467331,MOP
20.62895018707302,52.86488947760714,39.99566708507572,Loamy,Rice,33.715669340017556,42.74920945605305,59.545566328900236,Urea 46-0-0
33.67487706899763,69.56069617172189,23.769872923045725,Loamy,Cotton,32.608165573736436,40.10683054344961,56.37635695018256,Urea 46-0-0
42.174284880249054,34.25510402822323,27.439332071610792,Sandy,Rice,26.647151260406478,58.22150421393071,60.080802154911915,Urea 46-0-0
44.69865535077221,39.156239222536314,28.873835591000116,Sandy,Maize,123.5496548802053,72.89706693761111,32.285346867657175,MOP
36.33367376297448,30.99455297405605,51.096230370051686,Red,Barley,33.29979621377078,78.42920023496261,55.488197684469206,Urea 46-0-0
36.95401227426886,36.82778138684441,45.821129112440886,Red,Paddy,106.14528727783784,65.47991875604178,17.165630428408672,MOP
42.27879613632763,69.10735656060542,59.29954103165294,Red,Barley,36.54696239665612,56.24661646760132,64.98594262094919,Urea 46-0-0
27.026211971133627,54.15941113049515,31.008532957364366,Black,Sugarcane,4.631458077052189,41.2392608220297,7.1673473690916145,Urea 46-0-0
22.495520406751105,49.26157885003895,48.33235805235109,Black,Sugarcane,102.68267800962722,31.991506204385455,87.50771337997443,DAP
20.202905123613686,63.47471965462635,21.549406938819303,Red,Millet,101.66825337132812,28.62477928261852,21.613795014659942,DAP
18.58371151001187,89.60762778599099,43.2289307484681,Red,Sugarcane,12.454275534547484,29.617671840307523,29.384457057825266,Urea 46-0-0
39.37831764098486,80.06919084108178,58.84519167712323,Red,Wheat,45.738176110144224,68.27528661644432,88.47369186394346,Urea 46-0-0
19.403771202517294,71.97739094397502,64.28569447482126,Clayey,Barley,132.77114062646316,76.24411821595794,88.35920900256853,14-35-14
22.92892448180702,85.09551534792348,20.444283891151333,Sandy,Paddy,22.812859801505827,59.76197869899762,83.6267216151413,Urea 46-0-0
39.57267535900593,32.383722400985086,31.37786669345668,Black,Cotton,12.134146171407416,22.286389225356086,32.693561690624705,Urea 46-0-0
24.3176175538263,34.22000649693152,30.07323516473864,Loamy,Cotton,83.24454433562762,19.439502050472292,90.23446392045666,DAP
44.47252347878829,58.44037739928328,22.139191740249224,Sandy,Cotton,130.33858114843608,76.56861187707538,77.18022957748862,10-26-26
22.999161064549057,50.95004477742464,20.457760531779904,Loamy,Wheat,18.7289630840328,97.86938189750454,65.80829809857549,Urea 46-0-0
31.009600349136342,86.23512372770693,42.05878905099043,Clayey,Barley,71.82172111240249,1.5909961592562527,89.98030738224682,DAP
24.43401033557549,59.373897668710114,22.046696555163233,Sandy,Sugarcane,95.75988997637407,24.889814198257977,78.31314722628366,DAP
42.323184935215124,62.37894660560104,32.52476588811059,Sandy,Cotton,24.056166344955795,79.23128717707478,42.47495091830883,Urea 46-0-0
25.996699315537033,83.71562194387324,48.798855609901054,Red,Wheat,1.5763850889065267,71.91652977533548,32.42552241270889,Urea 46-0-0
28.007769818194937,56.79810274942143,33.26114187024069,Black,Cotton,124.27563826716147,24.59799577394348,39.387813777015054,DAP
30.36878076835084,82.62206335622112,32.13446155215732,Clayey,Maize,4.932377891470332,55.48923810758453,6.141215405816435,Urea 46-0-0
43.166594321091395,45.2149049622977,46.57459350096052,Red,Maize,36.04415973307444,58.558579409902066,36.34308930261969,Urea 46-0-0
15.928470188134522,46.42858224948651,37.1240334744338,Black,Barley,91.23576444369358,72.13842766472295,35.30436858449395,MOP
36.50635990895067,49.70168340525541,51.61353652826304,Loamy,Wheat,40.00961066980671,46.367371121270104,86.56244875574272,Urea 46-0-0
41.73056862877017,62.85385622885721,42.32557780624375,Loamy,Barley,1.3590635204743196,40.48484715227227,88.87000495302621,Urea 46-0-0
15.818616705524065,43.207720441618875,48.49441696129149,Red,Rice,80.56325682509754,30.80094708208896,96.3052086862408,DAP
30.66153741757532,70.2857502648764,35.90274561507332,Loamy,Paddy,43.090918966859476,23.830890840682272,32.819924761463426,Urea 46-0-0
24.77969435310076,38.56759696818003,32.91697757699789,Red,Groundnut,21.211968659297238,9.250335815060396,69.33201557909643,Urea 46-0-0
40.78467962596757,35.64601646997836,25.994320118799585,Loamy,Maize,135.9796636425612,64.58833874176423,63.30662678957141,14-35-14
31.755496527675536,82.21150477232266,62.16861731595339,Clayey,Maize,23.096117505853346,66.95704485402362,24.24437455899482,Urea 46-0-0
35.70683604488244,44.21212221341991,56.217613070710755,Black,Millet,101.8129617600588,68.73434739168471,86.99876263426785,14-35-14
28.585604998546124,53.16024066135573,62.21128444203586,Loamy,Paddy,124.70138680909182,0.3145720464372448,21.41019157696299,DAP
33.84927112564071,64.29252556351994,28.342123609151102,Sandy,Sugarcane,120.22011620177234,43.825303252098614,74.77140026507801,10-26-26
23.702905550622773,61.5481181970882,61.992009327045146,Loamy,Groundnut,25.795989402182553,12.255336491136315,14.466393551422897,Urea 46-0-0
15.280457338995474,34.56143276652641,62.10889434614599,Loamy,Millet,33.1531947171935,52.66093357063074,10.681965623961165,Urea 46-0-0
32.30267804961272,82.4475561358817,32.75950311216445,Red,Cotton,2.570769110360138,97.97396209018743,72.03222101235443,Urea 46-0-0
24.343326423973885,87.06813710512152,32.35854117907383,Sandy,Millet,130.3967654170796,49.92770109633381,52.631811604471054,10-26-26
30.518027955033894,78.7504382504803,44.81442081530176,Sandy,Paddy,124.19696473202289,37.46499792735207,44.29158313362551,DAP
42.492175591616935,47.028110096812455,28.338015771584857,Red,Groundnut,83.365263655736,81.38399923945954,77.81805677545705,14-35-14
27.79424365504188,61.67080776707757,39.894549978204466,Loamy,Barley,15.311471770959514,96.82014382446995,35.87433527982574,Urea 46-0-0
22.421881098071562,50.36500344105657,28.339294067195798,Clayey,Groundnut,24.295970557950216,28.712337752879534,85.33495985139066,Urea 46-0-0
26.138812838371635,63.28003864726001,62.631916307928165,Sandy,Wheat,80.77445193056518,80.3000039746501,96.21724971568287,10-26-26
42.955833499096215,88.46420813478015,42.222109587098856,Sandy,Cotton,35.23197629002029,99.61414373632698,97.912549357449,Urea 46-0-0
43.10605143927281,48.70217506313888,63.376299534079905,Clayey,Paddy,42.024056653046785,11.182423975160782,27.762800228025732,Urea 46-0-0
40.32989845697139,70.12779635537218,49.022375263049526,Clayey,Rice,23.938228852022572,53.10473545872221,41.50070363847951,Urea 46-0-0
42.606195429169816,49.55803243853915,41.79420978645735,Black,Rice,26.54284067018708,81.35265794850002,72.50098843173551,Urea 46-0-0
21.837008698539506,76.46863596090478,63.546286068253885,Loamy,Groundnut,64.8789616146632,37.629418365689816,89.48659340129545,DAP
