Date,Arrivals,Temperature,Rainfall,Month,Price
2018-01-01,152,34.36914541673107,32.16963479154924,1,439.12419329797183
2018-01-02,485,30.70073464089821,111.60846502979341,1,256.58519571502654
2018-01-03,398,29.53238968252824,162.35044337314199,1,201.31719620671583
2018-01-04,320,36.771651174052494,148.342412302586,1,290.1117058935879
2018-01-05,156,24.10155120298918,176.29015593500426,1,270.0766132794878
2018-01-06,121,39.35988133008469,55.580419449773565,1,492.7057032533514
2018-01-07,238,34.21904957673497,38.79077345355497,1,392.69814455586294
2018-01-08,70,23.990138546766396,175.96329718838774,1,445.791047141238
2018-01-09,152,34.72494367396976,131.51206255560461,1,352.0511422885146
2018-01-10,171,30.596800463622333,62.185786001510834,1,395.5204332005865
2018-01-11,264,34.14460191288889,148.46961011450185,1,278.0808458424332
2018-01-12,380,35.355590028856774,163.02367689607357,1,263.22378331318276
2018-01-13,137,21.74580359179351,122.99564806822647,1,324.2394118113552
2018-01-14,422,30.12207912718694,137.57682197598302,1,250.15634319613565
2018-01-15,149,38.64028684513868,75.05198088853327,1,435.8455841235963
2018-01-16,409,26.412843843190288,107.73913346860782,1,256.5234602589331
2018-01-17,201,31.877661951157975,104.83183414523245,1,337.68269218404015
2018-01-18,180,27.38460963019792,169.60955822615438,1,283.05589199573177
2018-01-19,199,29.085359444381993,167.9927960564365,1,268.6670692504788
2018-01-20,358,30.972062358763065,166.53609386940863,1,208.31577167708377
2018-01-21,307,30.978439597779545,2.206322852493159,1,384.9090326726162
2018-01-22,393,24.034609246604717,149.90909689377764,1,217.23242314784332
2018-01-23,463,33.691430957596666,151.73527802220096,1,240.63318340483272
2018-01-24,343,21.757362224853136,135.67576457102837,1,210.02129698317802
2018-01-25,435,22.77649546884041,151.25293157829051,1,185.4005555533387
2018-01-26,241,20.054217988286595,168.39407429934175,1,193.30929475750332
2018-01-27,493,22.333921282833625,94.06381082035713,1,245.47248488554953
2018-01-28,326,29.463324021037845,100.41004269768943,1,273.56009680517366
2018-01-29,210,32.122037621116775,24.942811382278094,1,381.65326638517246
2018-01-30,363,35.88578899932925,77.07517660947236,1,340.54129127365064
2018-01-31,71,22.133985002268723,128.67303598235685,1,474.82714686461435
2018-02-01,302,37.01454920032909,156.0799552294549,2,269.917492638425
2018-02-02,285,34.91949051097436,43.44181953824211,2,367.9642847751157
2018-02-03,394,28.170365858718338,27.56457983184708,2,305.6063945451551
2018-02-04,98,38.658761341999096,132.60840090009845,2,464.1925781705768
2018-02-05,108,39.818589529147815,0.3759767049821283,2,539.5688936853526
2018-02-06,219,24.100036201064746,35.67451686146597,2,358.8467348816012
2018-02-07,237,27.584571699276008,5.814276068790747,2,355.3800462554557
2018-02-08,320,38.52898847179422,33.37702357097419,2,394.0085907582681
2018-02-09,239,34.43193101502554,36.263855985101046,2,380.67771842646454
2018-02-10,495,20.961892879281756,77.53471895007884,2,237.29503593032007
2018-02-11,224,35.6302896350283,80.4654249373112,2,360.81843629945126
2018-02-12,495,36.55881774354984,174.85249412204755,2,215.81608338565653
2018-02-13,100,35.01003849530627,102.02194249976503,2,473.4956479855137
2018-02-14,413,35.990742618390314,144.68095312245725,2,254.56340507102524
2018-02-15,104,36.50265353385595,20.827471584057488,2,540.8192762474946
2018-02-16,293,23.728099735762882,45.08775109273877,2,323.72134290371486
2018-02-17,369,24.713834921299995,140.58868819573536,2,232.0169665086247
2018-02-18,180,32.675171274403546,10.560792093705619,2,428.96307698864314
2018-02-19,356,38.157322609250315,97.31953244875062,2,335.03229836109625
2018-02-20,184,26.323931645929893,119.87379313258677,2,300.2848113837939
2018-02-21,70,31.76613351590113,120.42912881049621,2,518.0597241754299
2018-02-22,378,33.65964126834265,4.586562253608406,2,365.337081857332
2018-02-23,216,29.038972025980783,64.4216008458371,2,367.462137238179
2018-02-24,323,34.27564909710652,127.2981302098308,2,298.8207227242942
2018-02-25,437,37.99334890584346,29.79994722984869,2,364.4916572040059
2018-02-26,138,32.48203088363675,139.08312966561064,2,345.70238444230864
2018-02-27,365,30.79562123829266,149.1850417627349,2,243.69453994208703
2018-02-28,63,28.77489350776678,196.39383808922906,2,442.7052132197109
2018-03-01,291,31.549725418122513,41.968398971281886,3,362.75067924206564
2018-03-02,314,27.107249036367918,165.02613353322303,3,206.94383689382454
2018-03-03,395,27.829642204030037,104.0593153837308,3,257.19778368174883
2018-03-04,102,30.637149593763482,74.69251922883468,3,449.5105465756024
2018-03-05,435,21.33238224781634,24.475351465035587,3,283.9184742228693
2018-03-06,389,24.580507818495928,147.10112129750752,3,212.628436833079
2018-03-07,141,30.85698621226818,47.171519828737416,3,420.50476873172096
2018-03-08,416,28.63056286272885,74.28440037460915,3,284.37193610944865
2018-03-09,493,26.656315718249687,12.508445379473688,3,303.6673905075801
2018-03-10,477,34.61098273618603,160.27338316390382,3,230.39092892672073
2018-03-11,313,33.87435214806677,153.31770479432868,3,261.1218250009132
2018-03-12,480,23.334615199867663,146.7231660084625,3,187.3255903739933
2018-03-13,84,37.572582307468764,59.88870209837734,3,554.4692728745116
2018-03-14,255,29.908472528079315,34.69601485319145,3,355.335133578632
2018-03-15,130,34.82921822278091,127.51065289404595,3,389.68125263681617
2018-03-16,469,31.463016985147775,99.23327682264389,3,250.95122367773521
2018-03-17,99,39.95385231847686,35.65049338092832,3,538.7181079224927
2018-03-18,409,35.04806240077645,137.18225420997274,3,251.98379335356907
2018-03-19,437,34.13960922486918,198.22528636426074,3,187.35003011393076
2018-03-20,51,35.57143878101502,149.44391754840754,3,596.3932967805564
2018-03-21,439,22.862559710969393,147.99727733712237,3,192.3841540446836
2018-03-22,103,24.090891863389267,190.06255058611833,3,325.07566514345154
2018-03-23,155,34.28128164447229,40.58727351498044,3,422.09531206736796
2018-03-24,309,29.879629742617254,113.10999298428808,3,279.77433598857147
2018-03-25,359,35.09270583720233,195.9293430067767,3,216.52586451129872
2018-03-26,240,22.058320614882902,33.05882219403491,3,319.1448077115184
2018-03-27,451,30.729627029691894,140.05039188890422,3,220.11770397536267
2018-03-28,267,27.576431311138315,117.1620291943804,3,265.5541073379984
2018-03-29,93,29.140004385633567,117.29581843774139,3,420.6044594386235
2018-03-30,211,32.07915744145025,139.53412550401504,3,288.2394913303037
2018-03-31,251,30.045766949250602,185.92338457513685,3,231.26738883242703
2018-04-01,495,30.797212742256733,156.5163879702676,4,212.86673748785944
2018-04-02,319,29.727149639912156,11.227220683242,4,345.05844459838283
2018-04-03,400,28.179103541709864,170.54560397514226,4,181.96021615746596
2018-04-04,353,35.4376396119649,45.108265985146524,4,345.82233348467855
2018-04-05,320,20.24406144636089,75.3828329472744,4,236.40791277501114
2018-04-06,264,31.96885402410454,92.34656272247643,4,295.00878756182885
2018-04-07,301,31.310166946459475,96.18120015061393,4,265.2836514553384
2018-04-08,239,34.323581494659045,87.03607985107136,4,318.9300677741508
2018-04-09,345,31.980587295546528,187.47065884317288,4,185.41950756609918
2018-04-10,262,36.535976556181566,141.20380153280493,4,295.5329895066236
2018-04-11,257,39.181495891280555,126.23412919134127,4,281.4199718837614
2018-04-12,286,26.850485143570868,9.968405556588312,4,337.5539384214886
2018-04-13,387,24.54701966059974,180.78266605207494,4,169.049927550625
2018-04-14,416,28.47193724840966,181.87803840167925,4,176.711803282525
2018-04-15,102,25.75859232951452,156.04261268602048,4,367.09728913212984
2018-04-16,329,32.29900526305309,1.4058407627238312,4,359.11851482424106
2018-04-17,459,38.23704817685929,11.456050215524671,4,362.1040806563619
2018-04-18,266,22.782323882861238,45.044740453697955,4,290.05787223511896
2018-04-19,301,22.01589206031773,26.269881628981338,4,299.43359127647955
2018-04-20,237,25.120310637073246,79.7672059407459,4,281.3185008405446
2018-04-21,429,34.52191172124802,184.52461161755792,4,199.34694885294954
2018-04-22,90,31.85925810517643,94.41208683939965,4,465.4998599513396
2018-04-23,206,22.04425328450399,2.680525286433122,4,362.0789653227536
2018-04-24,64,38.375010445214926,56.549137915752404,4,602.2956234563565
2018-04-25,350,35.801692742481734,8.918981674592308,4,355.11100726207616
2018-04-26,114,20.46045209575275,7.2575245227004315,4,439.17752633326774
2018-04-27,394,33.02734421976492,55.14397061911045,4,305.63155129054707
2018-04-28,376,35.42493337039476,55.12246773578908,4,315.54372283768254
2018-04-29,58,27.48870739440844,157.4253205203208,4,497.1558581452964
2018-04-30,393,21.378430787344374,194.9669305562224,4,129.37365751775684
2018-05-01,178,21.546421309775745,74.24141877799966,5,312.01901689611225
2018-05-02,185,22.084939321036188,85.77737577220772,5,295.5661576642603
2018-05-03,112,36.808792639608455,168.95788725720428,5,370.07366411321425
2018-05-04,188,38.21372396511426,53.627804019102676,5,414.6701668447517
2018-05-05,130,22.456215636914678,31.27636088068959,5,403.1197243020794
2018-05-06,441,24.718120691901625,170.61792468073008,5,166.44266321793685
2018-05-07,212,23.310410207345797,9.300117288013098,5,360.3012737922837
2018-05-08,468,23.726417589882413,123.93988803988314,5,206.66983220322595
2018-05-09,338,36.74981578004984,112.39856949336135,5,278.4693802838311
2018-05-10,428,26.64292825309878,69.18408950033886,5,285.0163738107479
2018-05-11,310,26.228885280912824,63.0379042194718,5,284.81164308775936
2018-05-12,280,24.547912417542253,154.37154523632427,5,217.02832964565295
2018-05-13,90,32.15788787588517,17.284922152509296,5,527.724021312987
2018-05-14,77,27.58611396771098,47.35686186227708,5,499.89593871410347
2018-05-15,184,34.88499303686578,146.48974636761795,5,299.5609255041929
2018-05-16,250,24.11159616751275,109.66411674528484,5,262.1511280279633
2018-05-17,377,35.755797774289846,25.597641706717276,5,348.55675770078614
2018-05-18,317,32.07443063460278,176.427122856412,5,211.76719882841317
2018-05-19,467,22.285346001113755,78.6895693127183,5,246.4773378945004
2018-05-20,82,28.290091684072554,165.57367506443455,5,399.2999353463938
2018-05-21,97,37.27036281225914,157.54260310554173,5,411.3519434945797
2018-05-22,456,38.4592046359697,124.8850892943456,5,264.4764439281272
2018-05-23,111,29.314002446376264,98.89622625901859,5,391.845945256204
2018-05-24,265,29.616739561781472,195.91016807635137,5,193.34844662009402
2018-05-25,342,38.369094498786026,28.993014475963406,5,370.7029770834859
2018-05-26,148,31.741364482731345,145.03114551022296,5,331.4144294217615
2018-05-27,221,20.656933404868767,38.2381402929578,5,327.1769719228191
2018-05-28,409,38.25498925758258,67.65262106646968,5,334.57691842567704
2018-05-29,263,24.964528855143037,61.73974867463905,5,306.2942145666717
2018-05-30,84,31.552639081830947,189.4071975477446,5,391.4454275077365
2018-05-31,498,23.310266348559477,193.47123555765504,5,138.9044657858346
2018-06-01,276,20.6775832049319,36.60308884694543,6,306.8379327158147
2018-06-02,150,26.229463422655147,4.407032059500837,6,426.10391976289475
2018-06-03,480,35.60991415092175,144.00160793262262,6,228.34467037271753
2018-06-04,180,25.55174345258836,83.59798677409687,6,336.0839518600119
2018-06-05,306,24.40194428162194,17.768049017512876,6,332.883390755229
2018-06-06,54,24.253615686824524,136.7508211154085,6,548.3561319113563
2018-06-07,267,30.303473648136254,109.02110565213994,6,295.4882428415581
2018-06-08,304,39.51082631365513,196.1033644002212,6,242.5583722685617
2018-06-09,447,29.17977976034026,45.48189917227579,6,300.4516916891046
2018-06-10,408,31.14610737780096,80.79557526530965,6,282.1290340924704
2018-06-11,332,37.21264035781468,108.50916067908459,6,297.943559576333
2018-06-12,442,30.70139437867317,158.33999769067034,6,209.428139758059
2018-06-13,256,23.689257428377122,109.76773134401174,6,246.47958288033163
2018-06-14,64,25.991918235329543,122.58003217238983,6,518.4065568003242
2018-06-15,395,26.198738525372217,45.22941031798815,6,297.33956628431906
2018-06-16,91,27.946362309151958,169.38374561771198,6,372.6191036500279
2018-06-17,429,28.535778106734988,85.72610939409515,6,242.43301456196366
2018-06-18,228,35.99564044148539,28.191925504353854,6,393.3681998909604
2018-06-19,112,26.98773998098666,132.83758290108347,6,364.2880672078511
2018-06-20,401,29.364636568827585,43.2180906370615,6,301.0876511673946
2018-06-21,280,32.49951974102105,19.512502047859947,6,358.7148115344462
2018-06-22,290,27.554518948803384,172.39738168085447,6,207.72975829917277
2018-06-23,101,36.73129626584666,92.03245289768793,6,459.6458177724731
2018-06-24,145,31.749072084681487,149.85674253915528,6,331.2194364613219
2018-06-25,437,25.880893584419432,58.11751196127102,6,272.1880106494335
2018-06-26,271,34.28118399579657,157.39402698353325,6,258.2088048818386
2018-06-27,456,30.552954602895717,22.387185404306067,6,334.5886147364374
2018-06-28,280,30.68911782514494,71.19467475897055,6,317.9267537199689
2018-06-29,286,29.621758967751717,195.6123635947057,6,197.25816792345455
2018-06-30,192,29.94023897642498,158.79794327360122,6,274.5469307534469
2018-07-01,220,35.307125621324815,99.45118606293764,7,345.38201853919287
2018-07-02,78,22.05962958662631,67.95549431237701,7,494.3938309187427
2018-07-03,85,26.687256226209644,174.4271400044953,7,386.03452477055276
2018-07-04,62,21.510067276077784,108.96955181690313,7,521.6442747263017
2018-07-05,209,35.06492441494902,151.68500357382223,7,297.47462355858795
2018-07-06,376,25.446037094405987,150.8215360632328,7,227.58844555946496
2018-07-07,236,37.948608196377684,3.589135713698366,7,431.8033590976147
2018-07-08,292,30.531569333185875,25.250756558522692,7,344.72561228971017
2018-07-09,135,36.01499542972242,131.92587327894844,7,368.0002518025909
2018-07-10,333,39.57862871231922,32.32396225717429,7,383.2157163335813
2018-07-11,115,36.795777189131414,51.09866893112094,7,480.54987909598975
2018-07-12,219,37.339875200230466,189.32759083992144,7,265.89532197812593
2018-07-13,94,28.159689907296894,112.03645167498237,7,441.81386331064175
2018-07-14,111,31.034451905186796,150.14590139986944,7,380.0568068096307
2018-07-15,490,25.077771280866088,111.59614775652797,7,236.45725698772102
2018-07-16,183,23.922261993869057,110.50272295654504,7,324.1167834435588
2018-07-17,333,30.110157582120678,18.83038202513958,7,338.01719629286737
2018-07-18,77,31.90097959400841,68.7326385218206,7,537.0028632262436
2018-07-19,157,26.78542491792382,56.48617973730234,7,381.8224488846546
2018-07-20,93,31.388870355270008,78.14567312272264,7,495.51788037393203
2018-07-21,389,37.74920965027006,159.66883764486565,7,230.97415394094094
2018-07-22,335,31.134431695667324,74.38653358337297,7,291.40702168117633
2018-07-23,495,34.41626192621013,90.33936384633654,7,293.3659745846192
2018-07-24,380,36.1062993471581,79.4762780970633,7,333.21274555280615
2018-07-25,177,39.77457563910886,18.681594395059122,7,463.3504840981114
2018-07-26,397,32.06394804353959,88.21443165015674,7,285.9373060882856
2018-07-27,280,36.13700297925172,39.12185460890301,7,392.02239106466396
2018-07-28,239,39.25298637109749,37.344659154608294,7,394.5113289258182
2018-07-29,274,38.888194511545464,18.807220886853273,7,418.78067200766884
2018-07-30,434,22.82163697555427,71.33419482835295,7,256.1523004696335
2018-07-31,426,28.12784616547044,151.49637695788348,7,210.9280114463807
2018-08-01,332,26.479801222135993,55.28833811667921,8,320.50947591643273
2018-08-02,495,21.738500299006986,62.469820377102714,8,252.56635280569904
2018-08-03,170,32.66481549821921,128.5349315344847,8,354.9709168625355
2018-08-04,165,34.71809226392004,39.16816251738378,8,426.9839624897159
2018-08-05,282,36.962561909337666,179.39158608470686,8,257.2990728767899
2018-08-06,308,22.45553779325417,104.03810465031088,8,274.314523047249
2018-08-07,408,37.52888151750588,89.5205880640434,8,310.74094552413067
2018-08-08,247,32.858511272285064,111.56403838584028,8,326.02323718247794
2018-08-09,460,34.078922702770186,33.206862683239095,8,358.8897499420772
2018-08-10,186,38.21248007080608,122.69462772783525,8,352.67742414937214
2018-08-11,367,32.495225420865026,72.62014732680208,8,331.18710464558876
2018-08-12,214,26.717317142996702,179.4372681929238,8,220.9537418648072
2018-08-13,274,36.5021466284532,33.77084133553723,8,391.6033168759781
2018-08-14,356,27.26118424390181,101.41022077308821,8,260.44837064471034
2018-08-15,283,20.684562216410583,119.6225258738036,8,258.2482360894644
2018-08-16,221,36.61309013130499,6.676720357276245,8,434.5656945304912
2018-08-17,201,26.903842897625513,72.73862495122805,8,367.4917468727883
2018-08-18,364,35.4766904640268,146.52704694016657,8,277.4197406364825
2018-08-19,423,27.25515789331891,164.07550148979468,8,200.6044579735299
2018-08-20,209,37.22136039949443,62.63239896345647,8,383.7924807503397
2018-08-21,145,24.390210501619173,159.71865447655026,8,304.8934600380982
2018-08-22,282,39.4909453039774,193.55117542067777,8,252.53975444733894
2018-08-23,229,35.595175495760614,171.3747872150188,8,292.35838528758546
2018-08-24,162,22.284758518407937,23.52879763186504,8,372.9029501812656
2018-08-25,367,31.31553239933121,147.9460664171081,8,265.1367559216002
2018-08-26,491,39.707346244834696,63.933366488108945,8,346.16424563316474
2018-08-27,101,29.421309053876286,197.6831978824153,8,336.0611345404369
2018-08-28,317,23.642142776431665,97.07179663197742,8,278.4473953733923
2018-08-29,344,29.69556734300692,24.486779671788206,8,360.47382976262463
2018-08-30,435,30.249153117638432,145.03710960547815,8,232.66837339829362
2018-08-31,436,34.83373888457331,64.60223967724276,8,306.48417834880513
2018-09-01,162,33.97691706321809,199.41563141633233,9,273.03964754015567
2018-09-02,150,28.05100087193961,195.95649157090438,9,276.116310890562
2018-09-03,162,24.36046214988173,131.22680360411613,9,310.14231104777673
2018-09-04,489,32.90108335538659,25.965289790343515,9,332.0742825592081
2018-09-05,130,28.434078691065636,137.37219953500582,9,361.27997614965216
2018-09-06,236,22.64552422250661,18.60609729200544,9,357.005936371862
2018-09-07,162,38.01144602472772,5.8728318204784635,9,472.2998287465079
2018-09-08,51,33.824437152193084,164.5916892442972,9,571.1818561631229
2018-09-09,179,33.663677128909626,41.950589536736274,9,402.41055283529863
2018-09-10,269,36.45167751823348,75.80542524381949,9,332.72047680484974
2018-09-11,103,30.59323357310162,194.69147799523464,9,339.74901784702354
2018-09-12,392,36.30108856804914,67.36810037222065,9,338.1117814564045
2018-09-13,273,29.961815070220116,59.297956256663056,9,332.17076565376
2018-09-14,274,21.3435079983142,183.64159992455504,9,189.63328483729805
2018-09-15,434,28.104961760553774,22.149689063791623,9,333.69043813968455
2018-09-16,452,29.94929787959781,151.91648202292635,9,219.44729328788083
2018-09-17,175,34.40405163264592,197.6131133305548,9,274.21230029091504
2018-09-18,179,22.131574602573487,180.25920215492977,9,222.0498804649493
2018-09-19,102,22.80037077320898,130.3335837412852,9,374.986163359668
2018-09-20,221,25.27367605269233,62.812158998546394,9,350.0122167525244
2018-09-21,267,25.329967867417643,50.86439623566334,9,325.6708139316052
2018-09-22,209,34.64369156918124,163.85102097429223,9,302.9094609398924
2018-09-23,247,25.014613211231953,175.96438279033904,9,208.2537429985551
2018-09-24,465,32.66196126714895,105.08698250913856,9,272.4451095957676
2018-09-25,296,29.885477002765427,48.867988157293226,9,331.77037960947774
2018-09-26,373,31.465887563588012,22.588641682234712,9,350.9270543213493
2018-09-27,488,36.76213926356591,17.435893566366232,9,365.45460015565715
2018-09-28,252,28.087630030980485,143.81548947077113,9,263.4512741505564
2018-09-29,233,35.41822754128541,84.023745569545,9,361.6619749999713
2018-09-30,172,28.440721191013747,181.07197485557407,9,263.53545142021454
2018-10-01,450,27.07742753122499,147.93426014535274,10,196.89220141258986
2018-10-02,304,39.17254354626441,38.25208358291734,10,355.3969671511501
2018-10-03,343,23.687418413579266,122.75548376313981,10,233.03251191813985
2018-10-04,329,21.806739211552156,87.10109087963187,10,257.0958222909052
2018-10-05,374,35.41971851070957,115.44994615372262,10,274.84890741038237
2018-10-06,421,21.36499410708183,147.61382466770343,10,179.78634891070237
2018-10-07,147,36.741579814060586,161.23917620075815,10,331.0948951161038
2018-10-08,247,28.74386792714487,168.74746528134486,10,225.3357256242158
2018-10-09,444,38.310273545838285,50.794974914404946,10,329.4791372593109
2018-10-10,289,34.430657222438114,6.223119983471537,10,378.8920998970077
2018-10-11,193,32.20809334015915,147.85894703295463,10,293.4615573330597
2018-10-12,146,38.98613594115531,21.268745251154918,10,457.0629378896522
2018-10-13,250,27.932987461041087,62.98391772259353,10,317.25053464317165
2018-10-14,173,39.081738730792665,0.7634268248694287,10,451.0691071738214
2018-10-15,236,22.70002554842414,136.333896480324,10,241.00408576460092
2018-10-16,375,29.675098838648253,33.42640229424425,10,318.8088010146805
2018-10-17,398,25.398224447843898,131.05648193833164,10,222.18188824610746
2018-10-18,308,30.796855578163868,198.34852343356778,10,170.69596750675544
2018-10-19,197,23.240277557831693,14.534174322003256,10,349.15378456634085
2018-10-20,301,36.83059320620087,15.415602390292138,10,380.64814288258617
2018-10-21,492,36.92815698629114,68.07601853333497,10,303.03498459833816
2018-10-22,469,39.10472625446958,173.2773028502684,10,232.11167200537508
2018-10-23,452,23.093442817664723,43.10597375826637,10,288.4073501779876
2018-10-24,395,32.46665101809981,72.07556398606951,10,300.25175043088615
2018-10-25,196,29.48474617400739,13.701081325395915,10,378.31225553903624
2018-10-26,197,26.887674640884665,152.6310582517779,10,270.42160076983004
2018-10-27,401,27.030803222684376,81.66126855189022,10,268.5505809058053
2018-10-28,248,28.255871012135046,151.84974661216856,10,227.28910519364513
2018-10-29,357,34.09851099377906,180.721568869359,10,194.95493381875986
2018-10-30,466,31.965721165363092,46.55262942025775,10,322.50845223504143
2018-10-31,473,29.193630255222622,161.47920606799028,10,204.77437027986755
2018-11-01,177,21.51866820739244,11.818778015650654,11,342.6187093132533
2018-11-02,88,21.555306881579142,179.76947763604946,11,329.23415608616875
2018-11-03,387,20.046787812515564,130.15370951174947,11,205.871570027639
2018-11-04,409,39.35398776414173,174.84534482767032,11,225.58517708465902
2018-11-05,178,20.105076371167698,0.03767991131637949,11,375.06570561205587
2018-11-06,316,22.061874920274896,33.8162140711985,11,297.36509118923107
2018-11-07,490,26.291931136188218,77.95187748529841,11,258.0645236325866
2018-11-08,483,36.148605036335226,75.90058067494371,11,295.31060837013587
2018-11-09,200,39.24197571528235,45.34607658470213,11,398.4120228744062
2018-11-10,464,35.800271175837125,76.32238797344002,11,305.94427811516476
2018-11-11,347,33.81120464891281,25.769742400050966,11,345.54381034702556
2018-11-12,148,30.42601334827139,82.55222585320521,11,378.7982986701045
2018-11-13,312,21.73410423724367,160.47086583185285,11,186.9544171315621
2018-11-14,301,39.16341586007861,95.81401262067024,11,316.47872458251095
2018-11-15,193,35.16784827891363,3.6000177890429974,11,432.11837984822023
2018-11-16,395,32.778987706685236,84.28880831584948,11,287.73025929788975
2018-11-17,161,35.180716910776994,5.435003218168832,11,434.6952244488237
2018-11-18,109,34.482066585462775,193.24868214135964,11,347.97425609775973
2018-11-19,418,32.74463159578974,25.490791884573795,11,314.2758465822242
2018-11-20,51,39.61153600359977,141.53766526612375,11,632.5199706751642
2018-11-21,434,38.067276252720504,194.55526457841717,11,194.46613650383614
2018-11-22,353,32.93329838234327,165.20781033331437,11,203.04432034873128
2018-11-23,303,33.8635042291385,139.86307502524073,11,274.7509257144717
2018-11-24,189,21.0319161331742,167.8921819001534,11,218.89098460451652
2018-11-25,86,33.398349291000784,196.35973865212551,11,380.00631429065334
2018-11-26,209,20.883308754202005,124.26889945070592,11,261.24489361008085
2018-11-27,58,31.76527513939862,111.83696136586529,11,572.8211129390376
2018-11-28,282,39.9870699913167,125.64762209265628,11,305.9365923093319
2018-11-29,148,31.116131628743595,106.535177352311,11,347.23635478714465
2018-11-30,196,29.46420236162667,127.01782118194376,11,293.1106633674988
2018-12-01,353,26.257097130111752,89.96844159451184,12,260.2057119594015
2018-12-02,257,22.41045157572929,43.68863657666142,12,315.9051432827566
2018-12-03,180,34.62047342916563,24.049445302335126,12,430.7182239618422
2018-12-04,453,23.851980555712608,13.668187106452079,12,307.51603699910146
2018-12-05,201,22.305640424945686,52.66315675064001,12,332.94926611554166
2018-12-06,103,28.43525319461025,9.224712867146767,12,494.7573735083148
2018-12-07,169,35.90683675918195,113.43415598387712,12,362.31841542345717
2018-12-08,210,34.90129096240441,56.765689404704055,12,362.3890516356074
2018-12-09,457,21.0976522929295,164.90696161740644,12,159.69426891769342
2018-12-10,165,29.102873700723123,14.84817459767729,12,433.97681625623045
2018-12-11,124,30.448691521423378,45.27029886829719,12,448.22439938798925
2018-12-12,162,32.89093301251644,146.04922941802917,12,310.54547729864447
2018-12-13,469,33.003347008864566,119.76165927669828,12,242.03129016491042
2018-12-14,471,27.29394498914612,12.898254249833506,12,305.08782157230354
2018-12-15,153,31.21354388007028,175.4478914324401,12,295.9207335540586
2018-12-16,389,29.621237676881726,175.4523525652359,12,206.02561457966715
2018-12-17,303,37.69996713046562,66.08160077515477,12,350.2304252627109
2018-12-18,276,30.605302652698004,68.08116866991294,12,320.7693323832125
2018-12-19,161,28.82064323496323,197.80567167003477,12,242.90600762062292
2018-12-20,148,28.089708993637014,125.23523431862765,12,331.87593331566575
2018-12-21,202,31.448555188669314,106.26330411361182,12,311.4825105185207
2018-12-22,398,36.07953958801795,167.63043671038488,12,204.83938710066224
2018-12-23,451,30.76802980761575,57.058067671463284,12,312.13318462042434
2018-12-24,433,33.23310350161083,85.83651867927138,12,274.0633351065809
2018-12-25,415,34.757115338130504,53.555335097666834,12,317.0458193648756
2018-12-26,387,30.403362197574637,157.8321693177463,12,217.68761641588338
2018-12-27,243,28.536341133097288,114.6698691270436,12,295.2031975758016
2018-12-28,359,37.53330755724899,131.7650140280141,12,275.0035125050381
2018-12-29,212,28.35012168055784,50.46144996788131,12,337.6201876873412
2018-12-30,257,29.23885701151175,44.04506027546302,12,336.13463456076073
2018-12-31,494,39.80682626683554,97.67492579658774,12,289.7695054479954
2019-01-01,218,20.004750471517692,147.51314981856535,1,242.27057583099895
2019-01-02,210,23.70945819153445,105.04795150403203,1,312.1503012149281
2019-01-03,117,27.679277798394516,6.529135509133721,1,449.85240195859524
2019-01-04,338,38.651798188505055,173.71030126405776,1,250.10203545088856
2019-01-05,447,21.40059411494942,12.937378703026315,1,301.302766556404
2019-01-06,326,20.18970867256996,191.16489674415044,1,151.62341879399642
2019-01-07,353,21.053676719544573,5.028391655454545,1,329.35808185845383
2019-01-08,453,21.77086821227236,138.89009122614175,1,187.28087364733716
2019-01-09,433,20.751935464125218,16.44141274235633,1,290.4814432402104
2019-01-10,441,29.595626537130094,182.13531588702793,1,198.12360709313398
2019-01-11,184,31.615144144546555,92.88664724510855,1,372.19739518669314
2019-01-12,244,25.433739421380082,27.504754963403077,1,354.2017864554135
2019-01-13,450,27.96574767951271,68.16313995796932,1,276.9585032565138
2019-01-14,177,21.833986702228604,32.96493506935241,1,366.16384983715955
2019-01-15,82,26.72740927656844,34.116382311418,1,538.5885855125074
2019-01-16,225,30.450383832690463,189.62166403428844,1,237.57723225235625
2019-01-17,492,34.645436143692905,89.04922245695764,1,293.6014778672832
2019-01-18,420,20.066927240859584,157.7604527810719,1,184.39837481040203
2019-01-19,424,29.34621533075305,127.92111223553637,1,243.8659067067509
2019-01-20,71,25.940057529097643,135.28527246767845,1,490.2735982356049
2019-01-21,287,37.05643643383803,26.338687694407703,1,382.6873614864514
2019-01-22,207,34.31106630468484,46.836889363097136,1,385.1453180441416
2019-01-23,87,31.782170689417896,157.35006703088737,1,412.0732352690569
2019-01-24,279,25.545312913935472,194.1532412949566,1,187.00745989299273
2019-01-25,414,38.20678204115069,52.53512851973034,1,339.7318494753633
2019-01-26,100,20.902013544406465,54.31375295020797,1,449.4234707307113
2019-01-27,487,22.189351973582305,94.57942656218097,1,240.70625815472533
2019-01-28,313,27.83260281080712,196.76806257108757,1,178.6687473617348
2019-01-29,332,22.488751145937126,53.79178916529421,1,304.92090954803103
2019-01-30,76,39.1283139511885,81.39438192685277,1,577.7975184255508
2019-01-31,275,35.95978644286767,178.29600312470134,1,256.70028193249766
2019-02-01,326,25.179653032036274,0.5842065242724015,2,321.08026346194464
2019-02-02,335,31.771084579464908,7.953192997713909,2,387.3560590754726
2019-02-03,146,39.64661030160163,120.81433541424384,2,407.08674863188605
2019-02-04,333,37.68397956263006,181.4760329425694,2,263.1441600069759
2019-02-05,416,32.01596892884396,47.771332080385534,2,338.20875924292886
2019-02-06,497,38.07447934350541,93.9283549361418,2,318.8761467396733
2019-02-07,366,39.78369819626718,90.09306033156366,2,336.6123276391669
2019-02-08,353,34.86705645787248,94.59426921910203,2,307.7874970659623
2019-02-09,196,21.29972818965788,124.50393914594903,2,285.31193798186445
2019-02-10,53,28.03160472850975,93.94875259813675,2,603.1187815530262
2019-02-11,84,36.75651470566491,89.49362826449156,2,524.8527130728293
2019-02-12,241,24.61138391610038,94.8576840862521,2,272.7443211021533
2019-02-13,98,36.61285035501249,118.17348825420831,2,459.69754689471995
2019-02-14,66,22.40677524069992,107.40149767027167,2,522.4210256818693
2019-02-15,221,20.93890714295626,170.82719953010087,2,222.8870387737004
2019-02-16,269,27.681812229824992,9.899370698733323,2,384.0980765621389
2019-02-17,207,20.734638748532273,166.6634142946025,2,229.77001111844226
2019-02-18,95,39.14540525966651,168.7849225223448,2,438.4455904814887
2019-02-19,422,36.52411391587932,56.98160430619217,2,330.1767426441434
2019-02-20,55,36.0153937425975,92.57039100317013,2,642.7081128018161
2019-02-21,148,32.59555845992306,87.7076977074871,2,398.3125971438962
2019-02-22,429,24.32648046073107,43.701966870826055,2,295.9268709899957
2019-02-23,282,30.36520733352784,79.3593694172633,2,295.53337995296545
2019-02-24,86,31.94548144860682,8.877554434170886,2,553.122666613547
2019-02-25,329,30.500630017205363,55.56441455634689,2,331.96864946442537
2019-02-26,398,25.204667359030545,163.33643509014362,2,206.14829630505085
2019-02-27,351,30.304958486294517,56.91246035257951,2,339.0537455523487
2019-02-28,230,29.82372681737253,163.6413337496495,2,278.96574940143057
2019-03-01,144,39.926715516134486,106.31989292088618,3,421.2481166897801
2019-03-02,148,37.94872296092407,175.97253547223198,3,322.42940913227784
2019-03-03,237,29.2676149643124,114.95591085288304,3,289.6703628899813
2019-03-04,165,32.45874765870237,5.933644612947964,3,441.57882666377105
2019-03-05,240,34.95743208184457,135.08404150941783,3,301.84484020039207
2019-03-06,302,20.697303204676498,8.970713604713731,3,340.72969224005345
2019-03-07,465,37.8984288245568,90.1194037966268,3,328.97876507075915
2019-03-08,210,37.20253632835848,185.8853388946228,3,292.607768088172
2019-03-09,305,29.148641955474147,33.04078786757003,3,354.449882124999
2019-03-10,372,27.823395321607595,77.97447058830882,3,289.6097766970034
2019-03-11,177,25.4591874971263,145.97206176969567,3,294.18035441213226
2019-03-12,67,29.533536566607367,176.4517112189695,3,473.989686808596
2019-03-13,330,20.887533270664736,134.18860094850157,3,213.95290143984946
2019-03-14,272,37.04387066694015,51.63465083823384,3,363.37651581173157
2019-03-15,103,20.7084473683709,134.92157058324324,3,354.14533870484826
2019-03-16,107,26.58102730739742,59.345528220818,3,434.5551563248219
2019-03-17,372,38.631789766379796,143.68584596374706,3,256.6757677649049
2019-03-18,409,34.70425309046905,190.80662551700811,3,202.17914117542261
2019-03-19,223,25.627819211550538,144.27869022125765,3,246.58477175079284
2019-03-20,329,25.052981879217704,172.57610058248247,3,184.97765643165707
2019-03-21,163,20.10164279636052,0.4207686351766826,3,397.888975805426
2019-03-22,337,33.91428585699501,143.51442494631888,3,257.7741803854984
2019-03-23,480,20.975671633463463,165.91751137305008,3,166.4072464057079
2019-03-24,391,30.65205038801524,8.111747508936284,3,358.55950312662134
2019-03-25,200,39.242439451840994,174.31954545764611,3,305.2153179415643
2019-03-26,499,22.189377201089076,51.33884566200917,3,284.1205462584423
2019-03-27,176,37.88959861936135,133.05842039561105,3,347.0706511482226
2019-03-28,204,39.829506702900964,160.07097580468132,3,327.51022559020515
2019-03-29,435,21.2303405247847,132.5329026118711,3,204.43943837338426
2019-03-30,322,37.658125382749226,18.456958414651446,3,384.0262616233223
2019-03-31,153,30.321580408872332,119.26430377207366,3,359.7870375414518
2019-04-01,466,38.1302743888916,109.91673134442873,4,269.5473655837224
2019-04-02,442,31.426378838391482,180.0642536148543,4,203.4366371222956
2019-04-03,348,33.24224020213129,80.84794592884184,4,296.8861870457626
2019-04-04,295,30.875578159947985,64.21621941741003,4,303.7105099020725
2019-04-05,225,37.28985760614697,149.97015288729324,4,296.6521404979091
2019-04-06,88,34.67819837907403,82.53506521667933,4,486.0144201549571
2019-04-07,219,30.425206243608297,129.2192350010126,4,303.27398582457175
2019-04-08,296,37.36321608103094,129.29001802492138,4,281.42948243042036
2019-04-09,75,24.90571064510669,177.60781287202357,4,401.7080079897415
2019-04-10,404,23.14681319405052,119.73848046381947,4,200.7025447389882
2019-04-11,355,23.20800210660144,100.43072199239738,4,249.20992353762628
2019-04-12,458,26.680177574904757,27.7742652793034,4,290.783094537956
2019-04-13,457,24.77380062602035,23.14752133574107,4,301.5346146838735
2019-04-14,62,38.601807010194776,30.864313056615877,4,636.9027033653462
2019-04-15,365,22.11668187657168,34.3696962654189,4,269.716302279723
2019-04-16,440,33.979814760791754,127.57541853272679,4,247.40238278168013
2019-04-17,362,23.784430795700118,148.1962500549157,4,197.6816386109628
2019-04-18,85,37.632742655407,105.99830458528375,4,499.01785265613177
2019-04-19,222,39.22630576369815,165.8035465090982,4,300.3495233306458
2019-04-20,69,29.309400175399674,198.25264534672664,4,436.0390862667992
2019-04-21,370,37.58142960456263,164.0025258238712,4,245.61695577069156
2019-04-22,313,20.102903415094296,138.97647473519183,4,205.83068368016575
2019-04-23,449,36.398938348162005,106.49853988742932,4,261.154424636906
2019-04-24,191,24.57250323049847,89.77061433494164,4,313.5303494178379
2019-04-25,420,38.17402618538736,16.87847610890847,4,361.7393841731393
2019-04-26,192,20.02240222960219,79.87374967893818,4,301.45966105746226
2019-04-27,141,31.12363470079514,182.02692735642685,4,296.51517037492704
2019-04-28,403,35.132716075698696,161.6045259813106,4,234.25495665824727
2019-04-29,371,25.173766613958158,43.21027300233744,4,285.48625612375554
2019-04-30,337,23.86265729174586,93.32155693944317,4,245.06359877427985
2019-05-01,264,21.681964489359693,163.34464051170892,5,194.95501199863133
2019-05-02,496,26.528671530065857,13.476910957104504,5,295.18296512021897
2019-05-03,391,31.19688624617659,77.47851713373186,5,267.9858769155825
2019-05-04,100,22.316877135605154,170.36824737478952,5,317.61130519072833
2019-05-05,202,27.533907239735974,80.77957283402475,5,309.922271630667
2019-05-06,235,20.1814480930545,15.522928946288172,5,341.8082541142431
2019-05-07,112,36.373588409996835,108.50687370645029,5,438.9293711334823
2019-05-08,239,22.568974361863827,172.34849898365908,5,188.65312934827912
2019-05-09,174,25.666858965311633,118.05710859063194,5,304.79142272452674
2019-05-10,199,20.36855437476435,45.255821642846364,5,335.6238322309608
2019-05-11,363,28.644815677850247,76.84792402747627,5,264.2280620073748
2019-05-12,107,36.80243005482438,90.02467223638644,5,450.898141108618
2019-05-13,391,27.843024228903932,115.85327076410536,5,261.6383251183239
2019-05-14,354,23.58994646847667,151.87020515052262,5,198.7316484812716
2019-05-15,229,35.073976681010386,19.77472352812708,5,385.6441657206287
2019-05-16,219,35.776139637414886,177.93040660351326,5,250.51325421430082
2019-05-17,375,23.475069506151335,2.461940603215118,5,291.1064160041454
2019-05-18,320,35.417082170819796,74.01046693485105,5,323.7468372597729
2019-05-19,103,38.945957765126764,5.4840619945315305,5,550.339992138914
2019-05-20,493,23.327551738645447,78.59484506905825,5,231.87059260725442
2019-05-21,150,35.41968585064271,105.16251977466476,5,352.6553211612746
2019-05-22,313,34.17144009205259,102.33627731630234,5,283.5706219528187
2019-05-23,102,29.47147776870177,33.12566940565307,5,482.42458142288086
2019-05-24,109,21.158409211175965,129.14810201912246,5,342.44236974930305
2019-05-25,157,21.49388835515708,8.955690100933644,5,377.56588126241155
2019-05-26,54,37.04829318397295,152.38136402648308,5,569.0566426510402
2019-05-27,152,39.80296745501294,189.32888679870925,5,310.48696403484547
2019-05-28,245,33.52104514373509,67.95376543022358,5,324.20516892708434
2019-05-29,311,28.91916614020643,103.44787634286638,5,265.3930916760597
2019-05-30,414,32.95147286803815,75.78205561176287,5,284.95086702989306
2019-05-31,421,31.887917184570906,1.3420780608119909,5,331.6138853840524
2019-06-01,399,27.672245208112436,77.17490057902319,6,265.7247767402192
2019-06-02,96,21.31252289148026,158.3440518522693,6,360.851904226869
2019-06-03,404,36.43025894814882,119.19776843669636,6,268.0561072749023
2019-06-04,360,27.43667058477449,20.251982923031786,6,305.59189181115767
2019-06-05,473,36.37571286714187,169.427897938757,6,219.42965527555052
2019-06-06,357,25.050174993767644,106.21706897704857,6,254.25303442526567
2019-06-07,193,20.020589596912668,168.34467234893523,6,216.4024945542674
2019-06-08,318,23.17876566553513,116.04430375700588,6,233.53643618668804
2019-06-09,419,29.370788335371685,111.93768896758797,6,242.30103228092435
2019-06-10,173,38.8860726991566,21.05183703940248,6,439.979238917471
2019-06-11,155,22.04387239387438,33.47194662772559,6,391.2738655644555
2019-06-12,207,37.08419548923132,194.40505129931822,6,256.859407017251
2019-06-13,196,30.54048192423724,45.697349350954156,6,381.90604371543077
2019-06-14,194,36.51841531599793,195.4904235980736,6,251.9574759217517
2019-06-15,169,25.967488619799852,106.38254130485268,6,318.0322860930516
2019-06-16,368,36.79894329344944,27.157809412787426,6,368.73000274848755
2019-06-17,324,35.45645560033609,19.860440550738588,6,358.73141505216824
2019-06-18,141,24.60107366062868,41.772814141148,6,407.4642557937524
2019-06-19,107,22.62670252818756,185.12746600506716,6,300.61956643354637
2019-06-20,488,37.36108645064586,82.83004486564536,6,298.2624444015659
2019-06-21,395,39.26473306880264,79.08685359858288,6,341.79019264425557
2019-06-22,278,20.626046274950326,62.64125221403481,6,283.5020944740092
2019-06-23,166,34.62540133947371,29.412370113317678,6,425.2261830720666
2019-06-24,367,38.19049021895637,97.57023943848128,6,314.5240860521663
2019-06-25,328,37.14720184184998,26.00955650222774,6,371.6667147036034
2019-06-26,176,39.29040944540417,167.09604727646553,6,317.7709754872743
2019-06-27,442,35.20188156876195,74.0793972550613,6,303.80618345053404
2019-06-28,445,28.845975247618206,74.96071355635927,6,263.26826189952016
2019-06-29,178,26.239039809902607,94.80128569663118,6,330.190674054548
2019-06-30,107,26.41485480876255,88.82554263315032,6,406.06822840675335
2019-07-01,171,34.48845345228234,198.9715946118643,7,281.6627435896046
2019-07-02,50,34.91674024061929,109.0762242436605,7,656.482541678055
2019-07-03,288,24.007182870974255,17.640340757974137,7,321.8253478498886
2019-07-04,339,37.36245626981062,121.37546831538599,7,311.052251383097
2019-07-05,145,34.29848080404496,30.316858573975992,7,446.1893699626479
2019-07-06,175,31.25500572686765,6.187528946268395,7,425.09025313280716
2019-07-07,167,29.430649202050255,194.14843073544964,7,251.45596710666032
2019-07-08,97,30.864656115799164,154.7077783069128,7,400.6209247496058
2019-07-09,138,23.18491476558529,196.02179848275338,7,262.9755267184879
2019-07-10,286,24.074024985525483,95.57568960444848,7,289.4848069210928
2019-07-11,422,21.823289808123832,106.45150622979523,7,226.77292994715006
2019-07-12,434,23.073160763222255,33.66739118382605,7,314.49292585563956
2019-07-13,321,29.073872692105653,49.38148533351712,7,334.8145908622908
2019-07-14,238,30.607087874565124,167.70984298056564,7,252.80134468197332
2019-07-15,241,20.35723784956639,71.23712942351884,7,300.12720347705925
2019-07-16,496,35.93595655728055,165.3629947592838,7,222.82384336860838
2019-07-17,118,25.883359466869557,141.80274485740637,7,350.7216472513358
2019-07-18,327,38.23672069919822,35.4341850543731,7,378.9594397378048
2019-07-19,398,39.35022527227555,101.48927322394843,7,312.47057209383155
2019-07-20,296,23.709177493533087,135.47746430374337,7,231.10335533353856
2019-07-21,125,29.241945815313212,47.00744296076502,7,442.1043672791046
2019-07-22,203,20.024636703328518,166.13770210401537,7,221.8074680502102
2019-07-23,193,31.966545302448537,108.96553150903736,7,339.7800617249039
2019-07-24,484,32.146128965253425,33.04841008852064,7,326.119523922536
2019-07-25,135,24.950799112067504,116.59688523292049,7,357.662926606892
2019-07-26,234,31.168253451663958,199.9427608311828,7,232.85898769982464
2019-07-27,334,24.51080284887471,30.10429833268271,7,331.96229278450295
2019-07-28,269,23.216509381563803,163.35138602390563,7,219.4990332405792
2019-07-29,118,33.030389336045296,41.461800637511594,7,474.9470575633364
2019-07-30,96,26.518509279041496,156.47766589201746,7,378.5087455069125
2019-07-31,143,31.80527877771245,146.91558462428264,7,346.8651273319581
2019-08-01,287,28.664934979433113,60.09787712008647,8,337.80647901614225
2019-08-02,495,39.687028148058076,65.16462351288996,8,323.659721702572
2019-08-03,253,22.991612853351317,158.50427839258384,8,232.8864042647402
2019-08-04,449,29.2919719327162,92.28910237746253,8,288.86950058136955
2019-08-05,267,33.6091325271865,146.16360574236177,8,275.17452728127245
2019-08-06,481,27.910901677599373,29.596829473166952,8,311.30934890235085
2019-08-07,390,39.4939970374138,170.5115563803107,8,249.3297592491262
2019-08-08,88,34.437752558538705,142.17694333646384,8,436.04165124666815
2019-08-09,149,33.13967715128986,181.38856176696677,8,309.7977997282788
2019-08-10,338,35.14118535222447,26.47447580699449,8,370.89703877592876
2019-08-11,303,39.05297276077434,118.60290007211954,8,321.28430860650747
2019-08-12,271,38.156373059692804,119.82411700806503,8,327.24766139263187
2019-08-13,406,34.48570616252824,70.6921481093565,8,313.56647293406394
2019-08-14,72,34.98323278202566,91.69328491385156,8,553.0517942317551
2019-08-15,299,22.91844148070291,7.596312657970694,8,346.67211359579704
2019-08-16,59,22.055848089853313,149.1720077254024,8,497.3480543783347
2019-08-17,295,31.418090036883285,109.8644958806348,8,299.75143956940576
2019-08-18,374,20.3673527388108,11.548210373834756,8,316.1127775612579
2019-08-19,149,29.64712763103183,136.1511785920971,8,332.39677263565653
2019-08-20,339,24.20699159837737,93.35641544623758,8,274.51505466307395
2019-08-21,229,26.920331352896792,6.892251885,8,378.38482664023365
2019-08-22,272,35.516094715859126,193.92154536961908,8,244.51709972428304
2019-08-23,443,38.82475008464773,189.8224286178881,8,221.0404703502304
2019-08-24,299,21.44832544292683,102.58048322943951,8,249.87212857815516
2019-08-25,196,30.684844119528904,18.73448414118204,8,408.81103688821287
2019-08-26,491,37.650669716392,150.92424431971835,8,254.1102572073531
2019-08-27,145,21.650170688808426,98.3862200211458,8,336.84172818946945
2019-08-28,306,36.490280937936674,60.48949565787598,8,365.5038528895857
2019-08-29,374,27.156027018565428,98.28363550571136,8,278.9297513496068
2019-08-30,53,26.441894044386707,104.48882908109289,8,586.5697566596623
2019-08-31,65,39.549327726295715,112.54233980446784,8,574.1539510530914
2019-09-01,329,24.017181797245883,88.2447427310653,9,270.44265931981835
2019-09-02,385,33.86387881645362,121.15106062781133,9,263.4885666837799
2019-09-03,296,36.428814560197324,183.74694212127548,9,245.77839470922237
2019-09-04,307,20.823669905585433,72.45361741971823,9,280.7965737866791
2019-09-05,433,33.40770916708824,145.1432926439898,9,228.33040410306234
2019-09-06,209,39.03099948710654,178.89051136484645,9,280.539494362794
2019-09-07,389,22.484399334561186,91.19585515198739,9,264.4959668020297
2019-09-08,201,37.92442605370077,88.69116727638082,9,389.48528211451185
2019-09-09,445,31.895532747538724,120.4233970709559,9,260.3369555901928
2019-09-10,227,32.332091637249476,118.28135188449762,9,307.23930463897614
2019-09-11,212,32.25888349731212,161.3178684652554,9,270.180103387562
2019-09-12,429,25.976717726746276,95.29667675565854,9,261.64028718177786
2019-09-13,82,38.70403630598919,199.22458992788822,9,424.69454656406975
2019-09-14,466,38.947009252620774,11.894313773456155,9,356.21580684205327
2019-09-15,494,32.506093204278955,0.6335697161403475,9,356.53485620799296
2019-09-16,228,35.66845451883229,128.03966231192476,9,327.75683031002745
2019-09-17,476,32.24515971762316,59.68698247237534,9,313.91845632008955
2019-09-18,150,29.687968951480812,48.07647773989676,9,399.04248516544214
2019-09-19,317,33.21640236598501,62.379816000856096,9,327.1512446646893
2019-09-20,372,31.06002905183917,51.20951302099086,9,303.7848475808548
2019-09-21,114,31.9495172526386,6.15800993208957,9,509.33278946099637
2019-09-22,466,35.67665106837724,194.30660847811774,9,192.39603210243118
2019-09-23,217,29.618076628979697,44.149097690556346,9,389.9301284516438
2019-09-24,379,20.815082121849457,146.80595251786127,9,215.96616953919525
2019-09-25,92,23.279989619789944,152.51927893883504,9,371.28932167388604
2019-09-26,93,28.77214432979077,185.85147960144585,9,358.3900800101289
2019-09-27,334,34.49653119748117,6.1098914186759945,9,380.1305769199325
2019-09-28,446,31.865572966203572,174.40966768940154,9,184.44563678764257
2019-09-29,61,33.005883717469075,105.44523616796005,9,566.3548654391343
2019-09-30,144,29.585578571525744,126.50882199316558,9,341.6159480967203
2019-10-01,351,32.314840438844854,128.89405542420673,10,271.98403565849037
2019-10-02,435,26.580348756293244,163.9595609969455,10,184.47157586448904
2019-10-03,302,29.4036518539333,66.6814644318221,10,305.22422640753894
2019-10-04,291,34.88558131189912,146.61023797199869,10,255.0590656358068
2019-10-05,84,37.436655579462425,105.71562194443942,10,503.4325456720097
2019-10-06,264,28.673106679127777,158.67880286106956,10,226.45924373094826
2019-10-07,386,20.873233154147222,198.10920655402668,10,133.70848625225736
2019-10-08,139,23.233450882936054,40.13020348075224,10,386.75426535320753
2019-10-09,313,20.417222785830763,198.92972831199958,10,130.89899255449214
2019-10-10,142,33.0652603847466,17.9624308565548,10,434.53776492947856
2019-10-11,459,26.646292507102178,0.46350958096277317,10,311.4998877341831
2019-10-12,139,30.84957271438735,8.832387235566252,10,441.28890897401584
2019-10-13,467,29.86553693567599,68.35648094735234,10,278.64589636100357
2019-10-14,164,21.630529791048534,126.58126613568683,10,287.65722786636564
2019-10-15,154,28.065227222476636,13.805908177569925,10,409.4503557002121
2019-10-16,440,24.411222498446463,1.133162905913454,10,323.56318788271676
2019-10-17,245,28.367995773353055,187.41820569175894,10,217.48674516761935
2019-10-18,363,24.071565606844853,164.38532718798592,10,182.46141450785558
2019-10-19,163,36.809048125538666,161.8366342278062,10,318.99147999675233
2019-10-20,124,23.483866731565072,176.8848551003954,10,284.90785588386075
2019-10-21,462,39.215611029739534,140.00685455442087,10,229.03005983932854
2019-10-22,425,28.318147322938817,20.880825949616288,10,316.0800134535775
2019-10-23,469,36.92490584038099,79.8200376147446,10,304.49832038350996
2019-10-24,266,32.5752963641189,144.6298972929259,10,244.63835203430605
2019-10-25,326,34.70700597331505,56.066892158304185,10,338.55973335764344
2019-10-26,298,35.3544777613356,137.48127282724752,10,267.61976817647275
2019-10-27,213,30.096897637860355,4.89968965353047,10,390.58363137744476
2019-10-28,443,30.866010467265767,61.227468175918645,10,291.1578668120108
2019-10-29,406,30.2799173561745,109.82606725543454,10,266.1492089810291
2019-10-30,457,31.761167561801585,126.41796590124845,10,240.01648178525673
2019-10-31,241,20.587888915130147,115.40813289238217,10,261.39689250741594
2019-11-01,276,27.910303396980304,139.5512552146859,11,249.5761237145797
2019-11-02,226,32.12377427122343,1.217749647967814,11,375.39204291683836
2019-11-03,148,31.954471305117288,20.188239995504297,11,420.10747803096257
2019-11-04,85,35.85912189211263,173.78885045582902,11,418.7733666781687
2019-11-05,145,33.100186776642175,136.34972881803225,11,333.5306025840801
2019-11-06,201,39.84266632681344,22.58632853720226,11,419.20330577758045
2019-11-07,200,25.6770905721729,168.41488747971584,11,246.11276598241977
2019-11-08,239,27.183020593324628,48.44624356491338,11,326.5790119015725
2019-11-09,273,27.676943037355926,95.65197683904469,11,270.0106121848571
2019-11-10,86,29.31625614040497,29.03930257693206,11,504.35592024075464
2019-11-11,317,36.719961275624186,142.02201128434132,11,284.7306051710353
2019-11-12,418,24.715841879184197,133.37088420285357,11,201.60459057765976
2019-11-13,232,35.52000414070859,42.22249423322724,11,358.7329003207242
2019-11-14,62,28.10620366171487,172.68015337140037,11,448.88228222326865
2019-11-15,328,32.03710767324017,80.26120484394244,11,290.5054377204968
2019-11-16,266,32.65081066452612,58.50301821414836,11,332.2957553855393
2019-11-17,404,27.45697274377869,30.46591789290709,11,313.7139300808481
2019-11-18,410,30.252304104116103,53.23360250310749,11,305.8817559981323
2019-11-19,335,28.26062349295394,4.4053842447633995,11,335.74028170890165
2019-11-20,322,21.382655723732388,116.65149849122312,11,219.54323910018257
2019-11-21,418,28.74330777633653,168.44614926878958,11,187.96959106720905
2019-11-22,111,21.947867851071045,109.79608988832837,11,346.235900372732
2019-11-23,133,28.10041598160643,43.854792384775145,11,431.0912404292126
2019-11-24,417,31.858367996635636,6.733835642774544,11,342.0403434236096
2019-11-25,266,31.588297986870018,42.92561465176057,11,350.7045704125832
2019-11-26,391,33.2524255801664,83.22428561421846,11,277.0241349220225
2019-11-27,446,21.905230159092525,151.9222857399593,11,184.44202290072548
2019-11-28,236,33.04246491060876,37.568570507554824,11,358.71810729340524
2019-11-29,68,26.242961133928944,143.95829067093723,11,451.52352763633536
2019-11-30,226,27.98091892274222,173.38669367037673,11,223.6845703593154
2019-12-01,149,37.159725078454116,90.78936962167141,12,397.3957002573689
2019-12-02,445,20.180608082591004,164.28639832851866,12,147.39895250820118
2019-12-03,494,31.76825266681211,110.93146960701912,12,239.4695541340193
2019-12-04,282,31.974279602002152,127.41816741618099,12,260.13326736294624
2019-12-05,452,27.933195526871238,105.25569206764054,12,232.7919053744524
2019-12-06,125,24.740557142166722,92.63454335026834,12,368.7218764680356
2019-12-07,314,24.693480765231023,46.93068835516987,12,288.8592780414061
2019-12-08,333,37.67419339321505,60.63881189220921,12,334.882705224932
2019-12-09,255,28.84048747565715,57.994023788721805,12,337.6762336600779
2019-12-10,272,26.61778725978344,112.65778619076295,12,273.24064481786695
2019-12-11,433,28.975551476628063,23.990738604777984,12,304.9664879743275
2019-12-12,101,33.38780802918723,183.35833814046703,12,369.91785095298724
2019-12-13,388,22.915131364895032,144.13102905662265,12,175.78062127829133
2019-12-14,416,28.988676704274752,80.28912618263873,12,297.74621865086164
2019-12-15,193,31.757687422207738,31.724828905275594,12,401.2716359408605
2019-12-16,422,38.97166709702867,176.39843394432717,12,219.64516780393427
2019-12-17,118,25.050555641508385,164.75561802023304,12,319.2684800986166
2019-12-18,148,27.185014958324913,144.34431054343585,12,292.6653063702555
2019-12-19,445,27.587171798448473,54.30940948224847,12,286.41057274499633
2019-12-20,74,32.11076315289766,80.48932748673379,12,523.3192844236247
2019-12-21,485,27.134641060800035,20.549650490484673,12,296.1804996151615
2019-12-22,428,30.67023850599391,37.807904945506344,12,308.49912463298455
2019-12-23,102,35.635806596900586,156.60332746334657,12,389.45698431312263
2019-12-24,200,34.107711882244075,143.00774377013676,12,286.20367017927447
2019-12-25,193,28.92737293025171,118.69715259518694,12,294.4316506156464
2019-12-26,106,37.284323553483375,179.14534518523456,12,357.8699477511678
2019-12-27,88,31.16280499187726,116.65330356260908,12,454.6344630008998
2019-12-28,158,30.79811679004425,93.39359999272214,12,350.15861322449814
2019-12-29,230,20.683755318783163,68.07414926115254,12,286.11427414284185
2019-12-30,91,39.73385960714323,188.0897011472345,12,414.97774787163365
2019-12-31,235,22.459416170592533,16.543092304870697,12,344.8915729584559
2020-01-01,472,24.622618248552932,186.17747441216167,1,170.55006838610495
2020-01-02,447,21.03393674483054,165.34293198620367,1,182.73455404384404
2020-01-03,272,32.80005933673827,25.985984907140256,1,395.41114951403796
2020-01-04,171,24.4940235394536,112.99687153505072,1,318.33094369046637
2020-01-05,182,23.60020874945447,173.30959634981738,1,235.58842276254813
2020-01-06,212,21.771111684464827,114.36183272143074,1,286.00568449815916
2020-01-07,264,22.066179142480312,181.43996431212446,1,190.76469622304262
2020-01-08,270,31.693414008851775,188.5967633632085,1,215.98988979399925
2020-01-09,284,33.76415731733191,84.47690443686118,1,330.9975638599193
2020-01-10,380,27.94757976928802,75.46273228126472,1,301.29519883181075
2020-01-11,195,29.597941631841465,187.26423079383136,1,242.53778665874606
2020-01-12,288,33.719354719659684,135.0280122299336,1,294.901327684856
2020-01-13,125,20.34759580370959,23.204536269633856,1,416.5400803510975
2020-01-14,58,26.46261314140557,8.45834984453624,1,637.797758004507
2020-01-15,123,39.46195496140693,112.92581019945263,1,437.0039579491919
2020-01-16,491,31.60224459390936,186.0341930876849,1,184.54296714655572
2020-01-17,450,25.084491597949864,168.84974048116368,1,166.52627049919516
2020-01-18,302,30.434600932724262,135.1695492928673,1,273.5799261534416
2020-01-19,279,26.853069762418308,27.823169778217505,1,342.0281017699937
2020-01-20,56,30.644899776525982,50.84627674973912,1,646.0051482052974
2020-01-21,223,22.514830236132976,175.10224531052324,1,208.8907225788236
2020-01-22,190,22.65429307638555,36.561447331380094,1,353.8642431169296
2020-01-23,217,22.870847240787857,55.687881650086915,1,344.5314257514716
2020-01-24,219,38.79639583853684,25.92013023908839,1,426.90489002472196
2020-01-25,442,34.65797836682684,135.22164628288223,1,253.11888447990177
2020-01-26,483,23.247637893246416,188.79646107264193,1,157.16757199125075
2020-01-27,332,23.766981675312028,53.79360631907719,1,294.09792236415115
2020-01-28,171,34.61658949741753,95.08132157001474,1,378.5427905761369
2020-01-29,243,23.12327689584348,126.86794794224086,1,263.8468860881983
2020-01-30,54,24.691225866696573,199.89324964312613,1,483.6344651524625
2020-01-31,78,39.26693665640798,20.961612999514422,1,595.6260023561554
2020-02-01,214,25.10613049456864,99.71415990114183,2,309.202826698189
2020-02-02,471,33.23264700742293,77.0240239805,2,301.2176137643281
2020-02-03,388,39.57262574801061,173.16403304447104,2,246.08155620027208
2020-02-04,185,27.485935342795855,95.19354620233118,2,327.9788748695586
2020-02-05,414,20.350319817241246,22.195504917029616,2,301.7038261771415
2020-02-06,370,24.882945808447484,126.88482905731672,2,232.03111592105316
2020-02-07,391,36.61754382683411,154.15612365277596,2,245.21124562461148
2020-02-08,194,37.29217671910074,0.5762503331229185,2,445.7891281232659
2020-02-09,376,35.370387290475826,171.7913370841259,2,250.86972869471896
2020-02-10,266,22.26219638153146,37.20460000113312,2,325.5182876078568
2020-02-11,350,35.910207433928065,110.41387293067557,2,316.2422636957828
2020-02-12,181,38.37355593987009,83.15950013749003,2,419.5844941194779
2020-02-13,341,32.012190850924725,143.9307633221061,2,244.68964612982776
2020-02-14,119,38.8175071267613,74.23232295714837,2,471.202870699854
2020-02-15,301,36.53677767423755,173.95263533634215,2,274.5077921468407
2020-02-16,464,33.33943033981814,146.09927219175805,2,238.10838129354863
2020-02-17,324,31.543704734234964,129.5426342125843,2,270.0865426675455
2020-02-18,494,26.97147334483941,159.24811911257086,2,180.3255331293573
2020-02-19,413,23.1857489048561,150.80460698567646,2,195.32691566087405
2020-02-20,231,32.09907845381082,7.1877349843106675,2,406.11451965411675
2020-02-21,216,26.36223107236239,78.94687076896562,2,354.93818487596957
2020-02-22,140,37.32877335055291,186.16145946329797,2,328.9832482605108
2020-02-23,251,39.86673874717257,25.144853798445244,2,399.73493869860226
2020-02-24,395,35.04855525231145,147.41931008641023,2,240.4590626183213
2020-02-25,68,21.809633905741016,194.91836226706593,2,412.31527791052724
2020-02-26,88,25.77371191061276,10.439725808994327,2,536.3841761305727
2020-02-27,175,22.182192635314994,136.43877612532208,2,293.43108038723204
2020-02-28,222,33.01023295583431,93.63082826020607,2,346.6491197424917
2020-02-29,190,35.30381729111569,115.83505107494443,2,362.17309275148966
2020-03-01,291,38.51349661761424,17.06826729686497,3,387.74004536573415
2020-03-02,269,28.763446928239752,8.601390373387897,3,364.37102255143304
2020-03-03,175,38.02751299176889,133.37333211018435,3,342.1292910873042
2020-03-04,107,37.557823180826546,164.66188596414358,3,390.3587801994678
2020-03-05,197,26.34391433530797,156.40306698659344,3,250.8393497137409
2020-03-06,366,37.378012510811416,108.76114557324748,3,295.373861727739
2020-03-07,432,27.51344503763453,19.973364227235635,3,318.9476945691483
2020-03-08,410,25.937385491205617,137.60888876720276,3,212.73394446005628
2020-03-09,472,32.98149317588786,48.37777671082919,3,314.84537043803005
2020-03-10,50,26.56762455770162,182.21374055347673,3,535.781093281329
2020-03-11,436,32.60417496658288,167.65307190914098,3,222.84443541799894
2020-03-12,397,32.196636109973895,141.87659341747818,3,252.63243876027786
2020-03-13,239,31.268778546969177,189.76919116622608,3,234.3002532039287
2020-03-14,240,27.608394084655956,6.284364302254586,3,358.62081097979205
2020-03-15,418,30.969994433029534,147.2400850121524,3,222.51179641734282
2020-03-16,458,31.92970949970843,66.04855586728107,3,296.48908891047677
2020-03-17,361,30.913737769909467,181.21317713727305,3,194.36813228070775
2020-03-18,466,28.88838905502403,53.33503933239552,3,299.54677804953354
2020-03-19,471,20.293341140925275,144.97129986300342,3,165.48346340918397
2020-03-20,166,31.74123415402302,175.5294039301563,3,301.7793010149323
2020-03-21,183,23.368887702854394,8.331363676536485,3,395.5620247662216
2020-03-22,107,32.85151937894379,79.52951591840723,3,456.7673896508382
2020-03-23,93,35.18688655845732,152.46180640438774,3,422.8689828512491
2020-03-24,222,30.00890618261483,90.98377790151741,3,336.3744204512185
2020-03-25,209,30.847273299594768,53.45052595871906,3,372.58827615291915
2020-03-26,222,39.029571193319825,43.961069764638005,3,414.04592353034525
2020-03-27,366,36.94334722745148,26.30365338327558,3,364.4073789030778
2020-03-28,352,38.2847303190294,171.42591197125645,3,262.92365962813886
2020-03-29,198,36.27532576639173,115.0710806503112,3,353.33100433831663
2020-03-30,129,22.17836683693463,15.276988998291197,3,430.67980480913326
2020-03-31,423,22.979837119403893,76.51606471412708,3,272.132896192915
2020-04-01,262,30.53247594537919,73.54673016102198,4,312.38840279967695
2020-04-02,252,24.921393175959963,36.347838141892595,4,316.0107516955456
2020-04-03,301,29.533909500823185,87.10152509443813,4,292.43579418840545
2020-04-04,278,27.887306476367005,66.41987307862729,4,306.18197841473284
2020-04-05,213,30.988284768609066,68.3607410984365,4,341.073091941847
2020-04-06,276,34.93751432271645,147.80531155759172,4,274.8278965521967
2020-04-07,196,34.30981814198549,44.65267710103926,4,387.3090475888773
2020-04-08,69,30.42468264970669,128.3719917710711,4,493.7407478106895
2020-04-09,490,36.44786837634116,114.12992477618698,4,260.8749817917162
2020-04-10,451,28.61724183076067,113.61850246757345,4,244.1837438079932
2020-04-11,96,37.93428579680245,132.60146922835517,4,446.39458894824213
2020-04-12,282,21.42560540110328,109.6764072391308,4,252.18287671725136
2020-04-13,354,39.09320060066615,175.85102296927693,4,230.00231363244546
2020-04-14,63,33.09386162862697,135.11601839005195,4,534.9927886554765
2020-04-15,192,27.601490178744108,109.39265027427763,4,323.15914642526025
2020-04-16,464,23.94308253145755,165.95262405752896,4,173.7845233097868
2020-04-17,50,29.583664588871997,121.22931298669594,4,586.5195554074355
2020-04-18,422,23.89116646370602,58.2288495570358,4,261.2876169092504
2020-04-19,103,23.326632154862843,41.41898363531424,4,440.0808215652837
2020-04-20,423,32.34703514825949,30.465557132535757,4,318.4103535100711
2020-04-21,308,30.461694491635694,179.8910425092203,4,201.94781599149513
2020-04-22,193,33.40192069221884,142.02708635961315,4,303.6247481996042
2020-04-23,490,38.59211754843979,187.47568763286415,4,205.00624212161117
2020-04-24,61,30.6452042667808,120.6583611429886,4,536.9866233284554
2020-04-25,379,31.618641065255954,94.68017629898252,4,272.6118778791956
2020-04-26,273,21.792526783098843,11.943297794177866,4,325.01521456942106
2020-04-27,321,34.35271571817259,134.32845630920596,4,269.2192357503779
2020-04-28,407,27.998104136083125,116.44175195364623,4,215.87895649627944
2020-04-29,457,39.53450477325158,198.0417787175243,4,199.04887161424426
2020-04-30,205,36.4634803119132,47.831755556448606,4,390.5818162418731
2020-05-01,422,30.449620810322365,106.14747105736717,5,259.1799997616236
2020-05-02,57,22.46445308344332,130.19146702361454,5,503.2579015640509
2020-05-03,171,37.188315865611784,128.91823494846872,5,329.08331960562145
2020-05-04,397,35.99562190848043,112.25870858968054,5,279.0821021571773
2020-05-05,213,23.69170259074066,155.38560206544508,5,213.24909753496286
2020-05-06,139,25.9055657844062,40.996241905363284,5,411.59708744814907
2020-05-07,185,35.86814516295675,145.12544005488317,5,310.47049544855577
2020-05-08,235,23.70456893094819,123.94691428661784,5,268.2445155988125
2020-05-09,365,38.355049783427546,179.21502235891467,5,213.21127689017095
2020-05-10,227,28.490548503927236,169.43888780671634,5,225.68358039024386
2020-05-11,77,21.740779251753175,63.02940782651065,5,461.0652723226693
2020-05-12,269,36.31497287008562,55.24746499503061,5,344.50609832765184
2020-05-13,406,27.47019366076775,196.33066477048956,5,151.33733671744585
2020-05-14,90,30.52998388307562,105.45303618305131,5,424.8146160132108
2020-05-15,277,22.246086888224383,181.28419278288737,5,172.16545456168325
2020-05-16,241,20.051680296899647,32.77620475609644,5,295.2735472151222
2020-05-17,460,32.75970411586595,128.56378296003484,5,232.9054565725596
2020-05-18,496,30.303503406674633,161.97203747211722,5,200.28180351278925
2020-05-19,194,31.870771382462944,189.47904991728936,5,240.31819940174694
2020-05-20,250,35.87487700761032,67.4680282034047,5,363.5904958648145
2020-05-21,466,32.9321182684572,144.9962339848105,5,227.5950177115299
2020-05-22,261,23.495468856547543,107.7626018079238,5,270.6573717277932
2020-05-23,269,27.215450382211998,12.12578521329364,5,337.3643869889267
2020-05-24,289,38.11782209575521,137.99994746178868,5,272.88905536619257
2020-05-25,462,35.39889400503358,138.01931164756868,5,241.2093213282657
2020-05-26,446,31.132741158734344,186.1213609693074,5,157.5039542611924
2020-05-27,95,25.112899956185444,99.46248923379449,5,421.2704904898863
2020-05-28,84,26.0412100366959,46.050184142102935,5,489.85733503330766
2020-05-29,302,34.63916135171269,8.91276468973583,5,381.6321028671216
2020-05-30,439,37.023485217055416,83.12843733718114,5,305.15348514381196
2020-05-31,131,33.42849339061229,60.383340015500366,5,434.18420339073117
2020-06-01,420,36.19059951536883,152.2176612047751,6,231.90101862204173
2020-06-02,305,35.33312270400812,70.85355296820933,6,342.22863882029105
2020-06-03,246,22.994079359139153,189.81423926296878,6,201.84176273362905
2020-06-04,352,28.47889625826604,192.46204059755684,6,176.545389081865
2020-06-05,458,23.059676016571252,124.18171804354161,6,200.87641748220935
2020-06-06,499,24.704711696039695,185.73205740297658,6,142.08877238347569
2020-06-07,59,37.38519249302105,152.17086890289912,6,561.492652362858
2020-06-08,361,29.457839312663644,109.37192819502523,6,287.4671192854063
2020-06-09,335,30.70716203685322,36.061587084555626,6,322.7732923433536
2020-06-10,291,23.568919304555443,91.719588702768,6,258.95590430133404
2020-06-11,300,26.24543572097592,112.17489267252351,6,267.7972193894175
2020-06-12,414,24.6049233685574,172.79231614700203,6,164.39179133607738
2020-06-13,54,24.123723290368527,96.26667530713297,6,585.2639698408652
2020-06-14,168,32.7592158663194,179.53493453559133,6,283.9687491350932
2020-06-15,338,25.137676952914298,134.86979580469378,6,223.92278472670364
2020-06-16,423,32.64030972040837,27.399812610734276,6,336.65766481607625
2020-06-17,114,21.16909228217108,198.9962738650186,6,279.23820545024597
2020-06-18,195,22.83548787054204,105.44653215078253,6,291.6141690521348
2020-06-19,273,25.49080508000251,78.37165928181578,6,276.08233022918733
2020-06-20,288,31.940938337913835,131.82275289390532,6,268.1634173174208
2020-06-21,226,33.51682490174752,21.778662796207815,6,403.7900740047684
2020-06-22,316,28.85433933559054,127.30772935067087,6,234.62172397951565
2020-06-23,390,28.91581829154458,99.64720009985459,6,252.75545607485483
2020-06-24,331,34.49033702797236,81.33481399971663,6,317.25589113316875
2020-06-25,112,20.316421835311647,190.60400423577983,6,284.8862592001923
2020-06-26,266,26.82180048948441,104.50794334641064,6,281.9009259389308
2020-06-27,391,36.37414114238466,43.82349589398768,6,334.24405372561876
2020-06-28,364,32.064388204267445,91.79269587545973,6,298.46113296302724
2020-06-29,332,26.744542655108408,183.87748091453454,6,183.41430012736691
2020-06-30,226,38.11049584659348,35.21909426611893,6,406.20253248206996
2020-07-01,466,35.45245454898765,42.79140773764738,7,340.6277959968556
2020-07-02,147,25.29790894473467,2.6059135514167497,7,430.23413180900064
2020-07-03,154,32.90579675051434,2.838009879153436,7,458.60802374885424
2020-07-04,148,31.915014563779135,165.8783253917025,7,318.497083537391
2020-07-05,434,28.023758280779653,146.42452136859117,7,206.0643154966003
2020-07-06,454,27.339121584096013,71.00821129039166,7,292.82858793158226
2020-07-07,360,26.87120949551408,139.66223144551455,7,239.44900040841438
2020-07-08,55,32.34311566791294,79.04118526199404,7,605.2602487652838
2020-07-09,246,28.84819872961339,190.5793591995655,7,211.7716594414478
2020-07-10,400,36.63726226502844,193.41053628520697,7,222.54743803476484
2020-07-11,182,33.392052322679234,78.55875516186867,7,358.5785045349931
2020-07-12,407,21.398632114188683,170.8443812681736,7,182.15252205556678
2020-07-13,308,32.80336447656332,154.61780833949322,7,250.58785207153713
2020-07-14,486,25.422948730003696,61.99998743435786,7,292.0075709404278
2020-07-15,72,31.856239833068454,46.4079657802212,7,571.3430222710832
2020-07-16,102,33.60263862206903,91.64693007856677,7,452.08935280574997
2020-07-17,214,24.61658378308024,156.26976812288126,7,253.56847286350052
2020-07-18,251,29.13717289760737,192.0335569457491,7,215.80880764285007
2020-07-19,132,23.806497256381355,152.71581377331452,7,307.3446573800177
2020-07-20,194,21.046777515730167,171.041397003674,7,256.083253894875
2020-07-21,134,27.569528469717383,120.6128612341033,7,348.4880029343471
2020-07-22,127,27.25888543691984,167.08156616842518,7,298.26175341138617
2020-07-23,415,39.909609814085144,156.88417160068354,7,277.9081493160376
2020-07-24,50,28.927047023952845,75.39710838525602,7,641.4947133754131
2020-07-25,100,26.671390989444006,110.39806042414422,7,414.8916748455543
2020-07-26,222,31.609500134333494,160.95062439793898,7,266.20844505131134
2020-07-27,254,21.77534788215537,9.211346837991275,7,342.0683012045558
2020-07-28,309,39.23331471909626,161.61585647116598,7,266.08886368349107
2020-07-29,495,32.69920091182066,35.57762480980469,7,317.79504486172294
2020-07-30,498,35.09675639881696,102.93672342428779,7,282.3711195949985
2020-07-31,418,23.40955876347835,161.65508791118754,7,183.49302083636118
2020-08-01,337,28.18955706010408,50.76421563133897,8,330.67451926409717
2020-08-02,83,28.453782267923792,49.161487861230604,8,527.2850534012869
2020-08-03,397,36.436128878021734,80.55287969245038,8,313.8795956472332
2020-08-04,144,20.024733595188188,178.9285595155269,8,266.64723445759324
2020-08-05,121,26.017062167065102,0.08855628744157684,8,462.89104845746596
2020-08-06,88,39.62472748688607,180.276619328387,8,426.95018161252585
2020-08-07,203,29.49773087012437,30.761404928321557,8,395.95085351760986
2020-08-08,299,27.650525604880166,198.01727521349642,8,191.21842590171914
2020-08-09,211,22.396580040352926,190.96939860769362,8,208.14980724209602
2020-08-10,487,39.483292572560316,98.93503791825667,8,301.29320265833593
2020-08-11,167,20.40052711851649,102.54404956252563,8,309.2656874271482
2020-08-12,308,34.74360450014486,96.30986805517085,8,338.76133440527946
2020-08-13,428,35.37199609577017,127.08872913190451,8,275.02566157867096
2020-08-14,355,24.873134321277334,18.144340446986206,8,319.781544572512
2020-08-15,317,33.43116887226074,6.523589668313301,8,383.0260646974601
2020-08-16,498,21.858582887587797,11.54058568317977,8,315.17753806837175
2020-08-17,103,25.1409453286416,88.87306984830288,8,430.42678651498807
2020-08-18,285,35.7580397658453,55.109587843896676,8,378.42929970609663
2020-08-19,438,37.29372384067081,124.40791247419875,8,266.2075646074589
2020-08-20,271,32.16972825319583,198.4884578749558,8,198.62397897569463
2020-08-21,300,30.136768636409652,77.26463461529318,8,320.5682100776049
2020-08-22,362,23.186080412379606,114.76825082090268,8,246.7844190069895
2020-08-23,450,21.262180661583002,83.1207791814671,8,219.50408206755634
2020-08-24,161,22.35298056947117,169.45433354437188,8,260.79723404450067
2020-08-25,304,24.547146001921973,180.44728069244763,8,187.2166067600843
2020-08-26,352,26.833490037938418,175.47112244105202,8,186.56696398180995
2020-08-27,456,27.618190510219744,194.87444773585153,8,158.18859679833136
2020-08-28,256,26.926435371780073,5.503837028083058,8,377.3756775810175
2020-08-29,278,24.781106643945314,167.9632324291062,8,207.80241124737802
2020-08-30,390,30.194484935033962,150.35443460781866,8,222.59015608633564
2020-08-31,447,36.50572216465794,45.73888188007296,8,329.21816299270876
2020-09-01,115,25.594070769429585,191.2640186775055,9,317.46157999715354
2020-09-02,124,38.84774038204466,29.635585645989092,9,498.5892277702107
2020-09-03,484,37.466733234476955,135.90998542678167,9,235.5732387065735
2020-09-04,152,23.235284227042193,44.97804336318249,9,375.73198652456904
2020-09-05,471,35.725519135141894,86.27612975481493,9,305.0252589269853
2020-09-06,241,31.491747646355332,143.8319793889138,9,288.3390906114527
2020-09-07,301,31.33150724342837,112.66492840660933,9,293.65415003836137
2020-09-08,275,27.820855261163487,85.50036626562235,9,299.2120049177928
2020-09-09,343,30.023059983640195,65.26768618639744,9,292.7215375603634
2020-09-10,355,27.94357554858422,167.93193114175807,9,214.8018193606643
2020-09-11,147,30.794652375198858,28.76287006296274,9,428.93864801025654
2020-09-12,387,32.55900105545272,86.02057530596001,9,297.7746861642841
2020-09-13,335,33.48607612818097,180.75151435502843,9,218.37061091435874
2020-09-14,384,30.649623851188522,169.16991009199353,9,197.24413196341777
2020-09-15,396,34.42844134657463,80.18835249460933,9,312.5288796041791
2020-09-16,484,22.825560985510116,152.62167272026167,9,186.36027860469258
2020-09-17,496,24.23964981804477,164.63216614177185,9,171.87200221076873
2020-09-18,357,36.3747000814854,177.77748480072594,9,236.33768637286929
2020-09-19,298,26.450559556928305,108.9011538098456,9,256.09204536400915
2020-09-20,215,20.457876499522406,40.89217721094236,9,333.0396252923207
2020-09-21,384,23.07582299336062,51.06181530078633,9,289.6207387784033
2020-09-22,79,24.472288689926224,59.13893480832084,9,488.08155972017056
2020-09-23,296,39.146457757891746,118.7604961619231,9,315.0887609480567
2020-09-24,155,31.460828578616987,6.561924825721688,9,448.3367427330668
2020-09-25,100,38.6546148095251,127.20849375599366,9,447.9382471789476
2020-09-26,130,31.5032670099325,72.8708476856464,9,419.2169560316713
2020-09-27,182,29.587088802757037,59.04836049792843,9,380.373923702174
2020-09-28,334,26.27455382388192,175.89931414562528,9,191.8561102429947
2020-09-29,437,32.12741888866751,92.00047911615978,9,279.94047966180216
2020-09-30,187,22.783960492350598,19.010609106538556,9,363.35633984698205
2020-10-01,233,37.96523254585412,165.3493536052494,10,276.4685068882674
2020-10-02,450,36.58664810282568,9.52825148730132,10,351.72296834412737
2020-10-03,379,26.35062895753474,145.34984483363934,10,213.4135439901301
2020-10-04,322,39.05595055202589,154.78124435413304,10,270.24843965642737
2020-10-05,389,36.50401534831136,70.52052118577163,10,325.8480962070199
2020-10-06,118,33.32613771670079,164.95757125555735,10,343.58951336613404
2020-10-07,83,22.435238222505497,103.13188117129069,10,416.5469052414694
2020-10-08,311,29.564680460961448,92.65873065455936,10,291.46667661938875
2020-10-09,102,30.122151096935017,9.08065629373851,10,500.5108820062537
2020-10-10,499,24.651027167307603,58.005838729781175,10,259.31860379960756
2020-10-11,254,21.59930788718604,186.20199417705996,10,186.10545988760987
2020-10-12,175,35.534472609433855,78.3647926567,10,364.8782035197859
2020-10-13,284,22.440701042487902,109.34010411135367,10,259.16916467308454
2020-10-14,92,31.885815011235493,106.40433579685036,10,445.1628633860652
2020-10-15,289,38.72898347767321,118.08621796453866,10,298.39867733112146
2020-10-16,420,37.52210385196085,12.266191128656523,10,355.32830055314093
2020-10-17,160,25.555052474985224,72.43525095974566,10,352.7213233929721
2020-10-18,298,37.02897275102531,144.62565477651083,10,270.9400274346477
2020-10-19,200,20.006650122409788,40.112050214596586,10,333.6541462818693
2020-10-20,232,20.353756192265145,40.71567550927209,10,313.84751237124266
2020-10-21,385,32.0510632768573,2.0181213378049456,10,349.88300186816855
2020-10-22,144,27.29596438289059,87.49638532164195,10,364.08865381771665
2020-10-23,423,27.729216823182945,176.5468761346844,10,169.77246417626648
2020-10-24,449,31.28882181357765,10.380188717461802,10,323.58091776737194
2020-10-25,57,23.835649111837213,38.223741899200526,10,608.1986129105977
2020-10-26,437,24.235107013309566,62.01690766855101,10,272.91016555573293
2020-10-27,409,29.692031740377296,146.34494731284258,10,216.68599551233737
2020-10-28,437,35.08507088687726,128.12711856051732,10,262.1802572979534
2020-10-29,233,32.38995502815175,83.188780916371,10,309.573769475426
2020-10-30,330,25.947100964736777,151.81378785167513,10,204.1663017139304
2020-10-31,244,28.60674355017842,121.92620233138038,10,262.3282304020775
2020-11-01,401,23.41329517099997,179.20815993144382,11,178.27771299430816
2020-11-02,244,21.492596286741634,163.6053498277386,11,209.33380357675517
2020-11-03,204,35.65392081488298,50.562721217840114,11,379.233955455779
2020-11-04,142,25.30774818376389,54.28771552684004,11,389.77673955949984
2020-11-05,209,23.555327757024966,25.071295158477124,11,358.1533426973189
2020-11-06,483,33.83236111138639,67.3929451434913,11,303.22945286414216
2020-11-07,110,32.36103348574372,199.90878374381887,11,326.56693905189945
2020-11-08,171,32.66379252026928,81.1502337230122,11,360.1865665910772
2020-11-09,100,24.577892096932274,44.09768693782128,11,444.97185346405263
2020-11-10,452,24.65291077125362,152.4965768951106,11,170.65819408757324
2020-11-11,326,24.416052595712785,108.49420069253122,11,246.65082491938088
2020-11-12,54,23.475051913245892,29.920289905390508,11,618.1927835330627
2020-11-13,141,33.114473451233124,76.13793623217316,11,392.3268534875624
2020-11-14,219,36.96031770498803,82.89394310786867,11,346.64826184396514
2020-11-15,366,34.486349393533224,150.76594011384373,11,248.917405540835
2020-11-16,71,35.841872675210865,4.1342737783808925,11,613.8106815384986
2020-11-17,454,28.095968581703996,53.80392935966209,11,300.8278441236696
2020-11-18,375,33.081515907439965,103.5192602631044,11,276.8119485588402
2020-11-19,50,27.08472480889549,53.76934849056867,11,641.9247019308742
2020-11-20,182,30.510092439372798,125.68680948379978,11,305.072529287183
2020-11-21,282,29.632696930697247,96.37349585492332,11,273.9784504016473
2020-11-22,61,23.53774290287709,72.34205097191612,11,535.499709554635
2020-11-23,395,27.741575206712618,189.84172537410245,11,167.2332385537862
2020-11-24,95,39.27644550964702,126.43189983729148,11,441.97283111729297
2020-11-25,83,24.971605154298842,25.988274453588247,11,508.36809546240545
2020-11-26,482,22.676074725589775,112.0183394886791,11,219.6076620744403
2020-11-27,127,28.371612432478706,156.1463706401802,11,312.75290914704846
2020-11-28,267,35.80675471720296,141.69793949855946,11,293.0018377884908
2020-11-29,350,31.642964595599445,34.41784585905188,11,317.58297324100454
2020-11-30,460,33.61949654476489,194.48399980802066,11,183.15016121023916
2020-12-01,122,23.793896963493545,89.7627291493212,12,380.1111566899455
2020-12-02,331,32.37896386015443,31.805000748052258,12,352.95154637053025
2020-12-03,298,26.470007898229476,36.039150825629584,12,310.5901862215876
2020-12-04,96,36.68606731909535,19.646998437816098,12,553.9630649700891
2020-12-05,170,32.585976120214724,160.70362168698688,12,291.5891735632958
2020-12-06,263,23.977125555505918,24.40609886436973,12,337.8082015475944
2020-12-07,288,21.292333596881722,25.025051428349386,12,327.80245274745914
2020-12-08,105,20.852664185740654,170.09432295216754,12,311.04647394137936
2020-12-09,399,27.428171353002817,68.92081688951193,12,287.6290040674069
2020-12-10,156,25.31702273308627,6.17158086161449,12,398.5501953095786
2020-12-11,368,32.92180246925016,10.379059903682176,12,364.2182598802194
2020-12-12,97,29.986676699572364,28.43408934077911,12,486.118931609312
2020-12-13,110,25.320385560107614,42.678669595137904,12,439.93267638961413
2020-12-14,386,22.984755559003524,133.02923884768109,12,209.78923603360926
2020-12-15,75,22.543995253748992,31.46525600036565,12,531.299312836997
2020-12-16,341,37.29320784280836,23.7748782354144,12,385.97351462853976
2020-12-17,306,24.869559368097345,152.94382829525583,12,205.76429827399338
2020-12-18,57,33.03421295821937,134.2110567719829,12,566.821407061549
2020-12-19,162,36.21371855972532,87.06484429104724,12,404.83240104293355
2020-12-20,404,32.28162622369472,109.8619542960208,12,264.0249246241384
2020-12-21,302,37.191304632938916,62.396804065283696,12,339.8787108770088
2020-12-22,229,27.84787443056949,96.50008404707214,12,283.21169775343606
2020-12-23,256,39.12444381297897,101.33452979654916,12,353.2477949384233
2020-12-24,352,22.66290008356194,77.44745423561919,12,259.7410005105089
2020-12-25,176,22.042990593150762,181.31444213443254,12,216.87463199828923
2020-12-26,105,33.17384292414887,3.2123729962012293,12,492.7604710253857
2020-12-27,263,38.85662282826523,156.43425261824925,12,268.3639998954826
2020-12-28,63,36.17766923272656,24.876566248264865,12,640.9047190550417
2020-12-29,77,21.52833718876103,159.50947210743988,12,410.54665143616506
2020-12-30,127,25.587354278694328,123.18238313534424,12,351.5740527778269
2020-12-31,265,38.606377696756475,168.65561818728048,12,265.7067870123905
2021-01-01,435,25.061168656015692,19.502865128179494,1,304.27042515052796
2021-01-02,414,35.62340847573839,111.79612681995481,1,280.24169003688127
2021-01-03,203,36.50264391857408,100.21757605243941,1,349.4357972485001
2021-01-04,63,29.909042069219637,141.23863659267172,1,524.3515219321632
2021-01-05,236,27.72697819696631,106.85811037873516,1,290.8077461471094
2021-01-06,361,29.002488648395193,108.14691342662084,1,263.97019732253017
2021-01-07,420,24.53929388730728,85.91918871521294,1,262.68961257302374
2021-01-08,56,37.78781832257688,61.766884801468166,1,644.3792464590189
2021-01-09,52,29.012393134595158,96.45287225043843,1,618.0826934421261
2021-01-10,160,37.649188809121995,23.698471753680117,1,456.51755383455156
2021-01-11,456,22.113869598125483,192.30266779661696,1,160.74100780923436
2021-01-12,287,39.765505420002626,142.88215272531966,1,294.1350983916266
2021-01-13,412,28.865461748872363,190.49342333756937,1,168.90996208499175
2021-01-14,288,20.95661640788211,45.345476465992654,1,307.36302740945183
2021-01-15,323,20.760436964749097,175.8682040353056,1,171.43492392070522
2021-01-16,343,34.92414514963677,161.75799691270768,1,248.6204273206957
2021-01-17,276,33.18071068407362,135.43048249153472,1,264.3550082980031
2021-01-18,420,36.04261116255175,125.00583721704115,1,270.19228558775126
2021-01-19,64,22.10735067905612,63.309933053574,1,545.4015988647787
2021-01-20,241,20.711417340710966,163.28215699300614,1,225.10128341685234
2021-01-21,168,30.171585788951568,100.30309229594675,1,347.9919960589082
2021-01-22,77,27.751904629655392,14.178315178257073,1,544.2798205670764
2021-01-23,251,29.238938733419115,62.572632171026,1,338.3017249602714
2021-01-24,88,39.83176817740548,187.0594197090655,1,432.6390057561446
2021-01-25,490,39.414999153413405,170.13605212096925,1,236.84303548519833
2021-01-26,322,38.84630779346386,196.38113961530783,1,229.28924756966651
2021-01-27,280,35.67685353535347,125.59867652081962,1,295.3939524122094
2021-01-28,135,27.096827205137807,49.50201462808239,1,420.07449646238155
2021-01-29,175,28.24261860525543,32.563009935372754,1,390.09526268805257
2021-01-30,349,30.99232087437849,37.382888121692325,1,337.8978937509762
2021-01-31,74,36.610689128096794,3.959131669450877,1,622.7339299317495
2021-02-01,194,21.374256650365353,78.13642219718784,2,311.9917058394173
2021-02-02,62,28.485937717697762,38.2855360999085,2,608.0862177472474
2021-02-03,261,21.652353269185372,82.33109209134048,2,274.15471156787936
2021-02-04,74,30.293151731470232,186.99888636775307,2,432.6483652208625
2021-02-05,117,37.97801648012471,86.10804190143799,2,450.20171741077985
2021-02-06,443,35.649698491278755,175.59689939696696,2,232.80864955331157
2021-02-07,116,24.5568483508622,121.1009533231753,2,358.7621212873108
2021-02-08,282,39.519816991975844,49.42631093227838,2,391.00068878320997
2021-02-09,158,33.347007960928565,71.17095185184228,2,416.292666880878
2021-02-10,195,20.20855398794806,16.783907164285882,2,357.3089789195467
2021-02-11,160,25.10826969370439,66.6925187192021,2,364.09323471783046
2021-02-12,277,25.214265998398332,135.5081891007068,2,241.55171461930982
2021-02-13,160,21.385086125717198,14.422218585887038,2,393.36142116919865
2021-02-14,83,39.19653036151858,41.08028169560587,2,579.872683484327
2021-02-15,160,29.565105891518474,76.2882082826623,2,376.3960509812874
2021-02-16,313,37.91629194743764,196.4099074031925,2,222.6183155916372
2021-02-17,473,26.444310068892566,156.97236459177603,2,179.20682459285928
2021-02-18,418,22.50467140865654,146.6973492984208,2,217.55219392191748
2021-02-19,285,29.486722198124276,23.238191305089195,2,377.6239339458319
2021-02-20,132,22.279132694286343,156.19917872299828,2,314.64398237196735
2021-02-21,91,29.720310059550798,157.05376230320303,2,399.99335653149916
2021-02-22,474,38.40594362438816,120.22053912486565,2,293.2355286982405
2021-02-23,150,30.415362836684253,198.0723563996744,2,287.57700102356
2021-02-24,55,32.32999453790167,65.05078118491039,2,638.0986975328188
2021-02-25,229,23.132768739476166,188.25448964837034,2,208.7432587027323
2021-02-26,331,20.87471251759939,182.94622299130071,2,186.84741870217667
2021-02-27,369,22.21615924359614,2.2961319498755683,2,310.19484216326754
2021-02-28,275,31.970631513687312,90.02330529496221,2,330.75420568868
2021-03-01,492,21.900233979846092,195.42084661031467,3,130.9860936132445
2021-03-02,489,27.51985779882623,20.624272481615158,3,301.2355392838116
2021-03-03,364,31.001838809163118,109.55693887666389,3,260.18177475749434
2021-03-04,414,27.773055972596943,195.79150140822082,3,156.14676358780815
2021-03-05,278,23.27367602930603,111.09908482117203,3,246.75389212427996
2021-03-06,426,25.47582615028213,37.9630605944312,3,317.1876151697714
2021-03-07,338,38.56635065697154,116.43664601851795,3,307.4600934055912
2021-03-08,486,33.519645511727106,40.888114789909366,3,333.7267283231922
2021-03-09,199,29.92095677359773,103.94085257889685,3,329.5518799427092
2021-03-10,326,20.25429779973787,14.8084435824696,3,314.3891454025612
2021-03-11,247,39.848308009789406,121.09653384288093,3,330.3917751633768
2021-03-12,119,33.42909869789287,103.35798782563164,3,409.4712840784155
2021-03-13,161,26.3384495468989,148.0322737522926,3,291.381977649941
2021-03-14,53,37.58537319995676,126.140094231757,3,599.7939297733869
2021-03-15,399,25.168632405836362,109.92125370615133,3,252.0726631140946
2021-03-16,380,30.880331583655032,137.95576984962423,3,222.31381099964645
2021-03-17,495,32.7214152745965,28.788382714446172,3,317.00611049760886
2021-03-18,367,24.421267429074568,119.07193225172081,3,255.27046590277396
2021-03-19,399,39.56794557601192,34.422120564555534,3,367.38799064934113
2021-03-20,144,34.96383811957995,185.10444157037617,3,311.1280285306647
2021-03-21,201,31.156264510221398,13.666820969120842,3,406.30462867373575
2021-03-22,360,23.611891963506018,86.07494993815865,3,247.99616601591728
2021-03-23,186,21.077164139960523,139.15949553108896,3,251.37618100757086
2021-03-24,296,26.40119665041967,91.60444233365175,3,278.65915493729125
2021-03-25,436,35.06374671826806,18.41905064658047,3,342.35017937778684
2021-03-26,292,25.3866259660405,110.67580322534147,3,262.28777486269087
2021-03-27,80,30.791124409910104,128.3263817654709,3,467.82569763919025
2021-03-28,89,34.55894353461486,140.75846219810154,3,455.83159105192095
2021-03-29,278,22.158874292929287,74.65196289255178,3,295.4216840473297
2021-03-30,85,33.705960322317466,112.73199420575244,3,465.4576499285697
2021-03-31,457,21.837417754200892,90.13729498778262,3,235.69010860670707
2021-04-01,272,39.30259484253993,134.41120775045067,4,290.3532329186715
2021-04-02,55,29.767882601298794,116.7113934649637,4,557.3780455098494
2021-04-03,371,23.01352215419755,105.15124391182698,4,220.76930059188405
2021-04-04,269,26.84767272067093,49.90487336764973,4,335.5101018340351
2021-04-05,124,28.268328985905228,0.40370354964678334,4,454.15302579828983
2021-04-06,53,35.163700221530746,34.81633506228585,4,670.0284577022172
2021-04-07,384,34.868475721532185,23.41320828483373,4,350.477716823957
2021-04-08,183,32.23881010674662,89.81694900218935,4,352.5831448063966
2021-04-09,167,22.11861425116986,122.45163015236894,4,300.78544637918895
2021-04-10,418,23.031387431753473,42.61700173696163,4,271.5933132972793
2021-04-11,143,21.875138412911134,187.81141919343742,4,250.47222505526628
2021-04-12,484,31.543455665751,1.3364258447775557,4,322.0822932590085
2021-04-13,111,37.542768830228084,154.46020303306858,4,385.18826534393423
2021-04-14,490,28.676010245095434,125.04095390608845,4,221.2458804966204
